run_id,experiment_id,status,start_time,end_time,metrics.recall_iii_train,metrics.recall_iv_val,metrics.f1_ii_test,metrics.recall_iv_test,metrics.recall_iii_val,metrics.recall_nc_val,metrics.f1_test,metrics.precision_i_test,metrics.precision_ps_val,metrics.f1_nc_test,metrics.recall_test,metrics.recall_ps_test,metrics.precision_ps_train,metrics.f1_iii_train,metrics.precision_iv_train,metrics.precision_ps_test,metrics.accuracy_test,metrics.loss,metrics.precision_i_train,metrics.precision_iii_train,metrics.precision_iii_val,metrics.f1_iv_train,metrics.accuracy_val,metrics.recall_i_test,metrics.val_loss,metrics.recall_iii_test,metrics.precision_ii_test,metrics.recall_nc_train,metrics.f1_ps_val,metrics.recall_nc_test,metrics.recall_ii_train,metrics.f1_iii_test,metrics.precision_nc_train,metrics.precision_iv_val,metrics.recall_ps_train,metrics.f1_ps_test,metrics.precision_nc_test,metrics.recall_i_val,metrics.f1_i_val,metrics.precision_test,metrics.f1_val,metrics.precision_ii_val,metrics.precision_iv_test,metrics.f1_i_test,metrics.recall_ii_val,metrics.precision_nc_val,metrics.f1_nc_val,metrics.recall_iv_train,metrics.recall_ii_test,metrics.recall_i_train,metrics.accuracy,metrics.precision_train,metrics.f1_i_train,metrics.f1_iv_val,metrics.recall_val,metrics.recall_train,metrics.f1_train,metrics.f1_ps_train,metrics.val_accuracy,metrics.precision_i_val,metrics.accuracy_train,metrics.f1_ii_train,metrics.precision_ii_train,metrics.f1_iv_test,metrics.precision_val,metrics.f1_nc_train,metrics.precision_iii_test,metrics.recall_ps_val,metrics.f1_iii_val,metrics.f1_ii_val,metrics.best_val_loss,params.dropout_rate,params.kernel_size,params.weight_decay,params.filters_layer_3,params.filters_layer_2,params.filters_layer_1,params.optimizer,params.learning_rate,params.epochs,params.strides,params.conv_layers,params.batch_size,params.dense_layers,params.dense_units_1,params.dense_units_2,params.dense_units_3,tags.mlflow.runName,tags.architecture,tags.augmentation,tags.stage,tags.optuna_trial,tags.status
4782b8c87a6b46cbbf68dbc6e971a075,4,FINISHED,2026-08-27 04:43:57.891000+00:00,2026-08-27 05:44:23.933000+00:00,0.8035714285714286,0.5,0.2247191011235955,0.90625,0.5818181818181818,0.5684210526315789,0.4904260377156702,0.6666666666666666,0.8317757009345794,0.3239740820734341,0.528110599078341,0.9793103448275862,0.8984771573604061,0.7643312101910829,0.8734177215189873,0.9793103448275862,0.528110599078341,0.6854470372200012,0.7154471544715447,0.728744939271255,0.5818181818181818,0.8941684665226782,0.6414634146341464,0.2758620689655172,0.8232631683349609,0.4338235294117647,0.5405405405405406,0.7446808510638298,0.8855721393034826,0.2365930599369085,0.579185520361991,0.3286908077994429,0.8888888888888888,0.5283018867924528,0.9490616621983914,0.9793103448275862,0.5136986301369864,0.7090909090909091,0.6554621848739496,0.555848522314004,0.6329405407560089,0.5384615384615384,0.5117647058823529,0.3902439024390244,0.3818181818181818,0.5869565217391305,0.5775401069518716,0.915929203539823,0.1418439716312056,0.8073394495412844,0.7515262365341187,0.8108081238225561,0.7586206896551724,0.5137614678899083,0.6414634146341464,0.8089133089133089,0.8073271241536295,0.9230769230769232,0.6439024209976196,0.609375,0.8089133089133089,0.6095238095238096,0.6432160804020101,0.6541353383458647,0.6308870749483655,0.8104196816208393,0.2645739910313901,0.946808510638298,0.5818181818181818,0.4468085106382978,,0.5,5.0,0.0001958323868834,128.0,128.0,32.0,AdamW,0.0003217803880756,64.0,2.0,3.0,32,1,128.0,,,BEST MODEL | CustomCNN,CustomCNN,False,best_model_training,,
a7ba1f5a473a42e383568a4e3fcc888b,4,FINISHED,2026-08-27 03:49:43.489000+00:00,2026-08-27 04:19:12.096000+00:00,0.9017857142857144,0.7678571428571429,0.5057471264367817,0.8194444444444444,0.6909090909090909,0.7263157894736842,0.634113348095255,0.3243243243243243,0.87,0.579136690647482,0.6359447004608295,0.8137931034482758,0.9139240506329114,0.8128772635814889,0.9366515837104072,1.0,0.6359447004608295,0.4597722887992859,0.9157303370786516,0.73992673992674,0.5846153846153846,0.9261744966442952,0.7121951219512195,0.2068965517241379,0.8412023186683655,0.7132352941176471,0.55,0.800531914893617,0.8969072164948454,0.5078864353312302,0.755656108597285,0.5286103542234333,0.8826979472140762,0.7288135593220338,0.967828418230563,0.8973384030418251,0.6736401673640168,0.5272727272727272,0.5918367346938775,0.6561464067524151,0.7071809369416886,0.6190476190476191,0.6941176470588235,0.2526315789473684,0.4727272727272727,0.6831683168316832,0.7040816326530612,0.915929203539823,0.4680851063829787,0.7477064220183486,0.8192918300628662,0.8609947360043717,0.8232323232323232,0.7478260869565218,0.7121951219512195,0.8553113553113553,0.8552405467945425,0.9401041666666666,0.70243901014328,0.6744186046511628,0.8553113553113553,0.7405764966740577,0.7260869565217392,0.7515923566878981,0.7092415558007877,0.8396094839609484,0.4199134199134199,0.925531914893617,0.6333333333333333,0.5360824742268041,,0.2,,0.0004544190975421,,,,AdamW,0.0007998201174686,27.0,,,16,2,32.0,128.0,,BEST MODEL | DenseNet121,DenseNet121,True,best_model_training,,
38a9239100cf4be993e430a86353beb0,4,FINISHED,2026-08-27 02:44:24.773000+00:00,2026-08-27 03:45:25.232000+00:00,0.8303571428571429,0.5892857142857143,0.462046204620462,0.6875,0.6909090909090909,0.6,0.5969969119086804,0.2777777777777778,0.8791208791208791,0.5616224648985959,0.5953917050691244,0.8206896551724138,0.8943298969072165,0.7717842323651453,0.8672566371681416,0.9834710743801652,0.5953917050691244,0.5514187812805176,0.8134715025906736,0.7209302325581395,0.5277777777777778,0.8672566371681416,0.6707317073170732,0.1724137931034483,0.8102339506149292,0.5073529411764706,0.4320987654320987,0.7473404255319149,0.8648648648648649,0.5678233438485805,0.6787330316742082,0.4791666666666667,0.8515151515151516,0.717391304347826,0.9302949061662198,0.8947368421052632,0.5555555555555556,0.6181818181818182,0.6476190476190476,0.602878137140236,0.6739558939451433,0.4925373134328358,0.6827586206896552,0.2127659574468085,0.6,0.6785714285714286,0.6368715083798883,0.8672566371681416,0.4964539007092198,0.7201834862385321,0.788156270980835,0.8089131021125144,0.7639902676399026,0.6470588235294118,0.6707317073170732,0.8040293040293041,0.8045095083479669,0.911957950065703,0.6829268336296082,0.68,0.8040293040293041,0.646551724137931,0.6172839506172839,0.6851211072664359,0.6848607107602691,0.7960339943342776,0.4539473684210526,0.851063829787234,0.5984251968503937,0.5409836065573771,,0.5,,1.578484030140255e-05,,,,AdamW,0.0007883555668657,27.0,,,16,2,512.0,512.0,,BEST MODEL | InceptionResNetV2,InceptionResNetV2,True,best_model_training,,
e7a5ce3aba87457f94337f27283d059c,4,FINISHED,2026-08-27 02:00:30.637000+00:00,2026-08-27 02:15:49.969000+00:00,0.9330357142857144,0.6071428571428571,0.3923076923076923,0.8645833333333334,0.7454545454545455,0.5473684210526316,0.5755522976026193,0.34375,0.75,0.4539877300613497,0.5907834101382489,0.8689655172413793,0.8064516129032258,0.7857142857142857,0.8432203389830508,0.9692307692307692,0.5907834101382489,0.3667758405208587,0.8181818181818182,0.6785714285714286,0.4823529411764706,0.8614718614718615,0.6195121951219512,0.1896551724137931,1.0194754600524902,0.6838235294117647,0.4285714285714285,0.6728723404255319,0.7878787878787878,0.3501577287066246,0.746606334841629,0.4946808510638298,0.937037037037037,0.5964912280701754,0.938337801608579,0.9163636363636364,0.6453488372093024,0.4,0.4583333333333333,0.6093261657811851,0.6160027512957579,0.5094339622641509,0.6352040816326531,0.2444444444444444,0.4909090909090909,0.7428571428571429,0.6303030303030303,0.8805309734513275,0.3617021276595745,0.5779816513761468,0.8632478713989258,0.811096778007962,0.6774193548387096,0.6017699115044248,0.6195121951219512,0.7948717948717948,0.79121625586041,0.8674101610904585,0.6317073106765747,0.5365853658536586,0.7948717948717948,0.7221006564551422,0.6991525423728814,0.7323529411764705,0.6305741759866922,0.7832817337461301,0.3875,0.8297872340425532,0.5857142857142857,0.5,,0.2,,,,,,Adam,0.0006325892847285,14.0,,,32,1,64.0,,,BEST MODEL | ResNet50V2,ResNet50V2,True,best_model_training,,
8aa98c8088ff46c79cac1771fb9c3441,3,FAILED,2026-08-17 20:58:32.791000+00:00,2026-08-17 21:19:22.567000+00:00,,,,,,,,,,,,,,,,,,0.9145437479019164,,,,,,,0.9672698974609376,,,,,,,,,,,,,,,,,,,,,,,,,,0.6562881469726562,,,,,,,,0.6000000238418579,,,,,,,,,,,,,0.5,5.0,0.0003855372733334,64.0,32.0,32.0,AdamW,0.0002531182678644,26.0,2.0,3.0,32,1,128.0,,,"CustomCNN | cl:3, fl1:32, fl2:32, fl3:64, ks:5, st:2, dl:1, du1:128, dr:0.5, opt:AdamW, lr:0.0002531182678644998, wd:0.0003855372733334478, bs:32",CustomCNN,False,hyperparameter_optimization,99.0,pruned
03bb23314e5542758aed846d466f2906,3,FINISHED,2026-08-17 19:56:41.076000+00:00,2026-08-17 20:58:30.743000+00:00,,,,,,,,,,,,,,,,,,0.6761594414710999,,,,,0.6487804878048781,,0.826793372631073,,,,,,,,,,,,,,,,0.6409987777582947,,,,,,,,,,0.7484737634658813,0.8129136738643717,,,0.6487804878048781,0.8101343101343101,0.8097479315281365,,0.6414633989334106,,0.8101343101343101,,,,0.6394946827901963,,,,,,0.8233845829963684,0.5,5.0,0.0002496285309049,128.0,128.0,32.0,AdamW,0.0003547453416758,65.0,2.0,3.0,32,1,128.0,,,"CustomCNN | cl:3, fl1:32, fl2:128, fl3:128, ks:5, st:2, dl:1, du1:128, dr:0.5, opt:AdamW, lr:0.0003547453416758454, wd:0.00024962853090495845, bs:32",CustomCNN,False,hyperparameter_optimization,98.0,completed
63b36f8759824fb88fe1dee7e0011fff,3,FAILED,2026-08-17 19:36:12.474000+00:00,2026-08-17 19:56:38.818000+00:00,,,,,,,,,,,,,,,,,,0.929158627986908,,,,,,,0.970316469669342,,,,,,,,,,,,,,,,,,,,,,,,,,0.653235673904419,,,,,,,,0.6000000238418579,,,,,,,,,,,,,0.5,5.0,0.0001253752301882,128.0,16.0,32.0,AdamW,0.0003035845600923,26.0,2.0,3.0,32,1,128.0,,,"CustomCNN | cl:3, fl1:32, fl2:16, fl3:128, ks:5, st:2, dl:1, du1:128, dr:0.5, opt:AdamW, lr:0.00030358456009235696, wd:0.00012537523018826252, bs:32",CustomCNN,False,hyperparameter_optimization,97.0,pruned
c65cfb8522f94b3580afcade722ecf35,3,FAILED,2026-08-17 19:18:56.775000+00:00,2026-08-17 19:36:10.358000+00:00,,,,,,,,,,,,,,,,,,1.2014554738998413,,,,,,,1.237890601158142,,,,,,,,,,,,,,,,,,,,,,,,,,0.5128205418586731,,,,,,,,0.5097560882568359,,,,,,,,,,,,,0.5,5.0,0.000184572055066,128.0,64.0,64.0,AdamW,0.0002558242437702,11.0,2.0,3.0,32,1,32.0,,,"CustomCNN | cl:3, fl1:64, fl2:64, fl3:128, ks:5, st:2, dl:1, du1:32, dr:0.5, opt:AdamW, lr:0.0002558242437702476, wd:0.00018457205506601501, bs:32",CustomCNN,False,hyperparameter_optimization,96.0,pruned
4984edb296e14ab0896cd2f85b66b156,3,FAILED,2026-08-17 19:11:17.731000+00:00,2026-08-17 19:18:54.637000+00:00,,,,,,,,,,,,,,,,,,1.0870966911315918,,,,,,,1.263533115386963,,,,,,,,,,,,,,,,,,,,,,,,,,0.579365074634552,,,,,,,,0.4634146392345428,,,,,,,,,,,,,0.5,5.0,0.0005595054246325,128.0,128.0,32.0,AdamW,0.0004815213010223,8.0,2.0,3.0,32,1,128.0,,,"CustomCNN | cl:3, fl1:32, fl2:128, fl3:128, ks:5, st:2, dl:1, du1:128, dr:0.5, opt:AdamW, lr:0.0004815213010223865, wd:0.0005595054246325755, bs:32",CustomCNN,False,hyperparameter_optimization,95.0,pruned
ef834b9588b249e6a3c5199cc880aac1,3,FAILED,2026-08-17 19:03:38.895000+00:00,2026-08-17 19:11:15.467000+00:00,,,,,,,,,,,,,,,,,,1.2778233289718628,,,,,,,1.2274991273880005,,,,,,,,,,,,,,,,,,,,,,,,,,0.5012210011482239,,,,,,,,0.5341463685035706,,,,,,,,,,,,,0.5,5.0,0.0002848426899608,128.0,128.0,32.0,AdamW,3.624316892755421e-05,8.0,2.0,3.0,32,1,128.0,,,"CustomCNN | cl:3, fl1:32, fl2:128, fl3:128, ks:5, st:2, dl:1, du1:128, dr:0.5, opt:AdamW, lr:3.624316892755421e-05, wd:0.00028484268996080577, bs:32",CustomCNN,False,hyperparameter_optimization,94.0,pruned
886678d590fe4e0c834ca19b2514d766,3,FAILED,2026-08-17 18:56:00.251000+00:00,2026-08-17 19:03:36.639000+00:00,,,,,,,,,,,,,,,,,,1.1011382341384888,,,,,,,1.2774670124053955,,,,,,,,,,,,,,,,,,,,,,,,,,0.5818070769309998,,,,,,,,0.4585365951061249,,,,,,,,,,,,,0.5,5.0,0.0002088485405214,128.0,128.0,32.0,AdamW,0.0001790052523492,8.0,2.0,3.0,32,1,128.0,,,"CustomCNN | cl:3, fl1:32, fl2:128, fl3:128, ks:5, st:2, dl:1, du1:128, dr:0.5, opt:AdamW, lr:0.00017900525234923012, wd:0.00020884854052143637, bs:32",CustomCNN,False,hyperparameter_optimization,93.0,pruned
cfb9557d33b7463ba88ac0f572754ff0,3,FAILED,2026-08-17 18:16:20.579000+00:00,2026-08-17 18:55:58.258000+00:00,,,,,,,,,,,,,,,,,,0.8235154151916504,,,,,,,0.8726716041564941,,,,,,,,,,,,,,,,,,,,,,,,,,0.702075719833374,,,,,,,,0.6243902444839478,,,,,,,,,,,,,0.5,5.0,0.0003368247467396,128.0,128.0,32.0,AdamW,0.0001959197104983,42.0,2.0,3.0,32,1,128.0,,,"CustomCNN | cl:3, fl1:32, fl2:128, fl3:128, ks:5, st:2, dl:1, du1:128, dr:0.5, opt:AdamW, lr:0.00019591971049830786, wd:0.0003368247467396074, bs:32",CustomCNN,False,hyperparameter_optimization,92.0,pruned
320c972b1b30439cb86144e56f735686,3,FAILED,2026-08-17 18:08:42.053000+00:00,2026-08-17 18:16:18.443000+00:00,,,,,,,,,,,,,,,,,,1.0927679538726809,,,,,,,1.2391386032104492,,,,,,,,,,,,,,,,,,,,,,,,,,0.583638608455658,,,,,,,,0.4804877936840057,,,,,,,,,,,,,0.5,5.0,0.0002551796647122,128.0,128.0,32.0,AdamW,0.0002624378465442,8.0,2.0,3.0,32,1,128.0,,,"CustomCNN | cl:3, fl1:32, fl2:128, fl3:128, ks:5, st:2, dl:1, du1:128, dr:0.5, opt:AdamW, lr:0.0002624378465442558, wd:0.0002551796647122262, bs:32",CustomCNN,False,hyperparameter_optimization,91.0,pruned
fca95e31632444f7bfc2b6cbb6811e6c,3,FAILED,2026-08-17 17:32:47.691000+00:00,2026-08-17 18:08:39.918000+00:00,,,,,,,,,,,,,,,,,,0.7994908690452576,,,,,,,0.8803980350494385,,,,,,,,,,,,,,,,,,,,,,,,,,0.7094017267227173,,,,,,,,0.6317073106765747,,,,,,,,,,,,,0.5,5.0,6.596656277714074e-05,128.0,128.0,32.0,AdamW,0.000380791552614,38.0,2.0,3.0,32,1,128.0,,,"CustomCNN | cl:3, fl1:32, fl2:128, fl3:128, ks:5, st:2, dl:1, du1:128, dr:0.5, opt:AdamW, lr:0.00038079155261404026, wd:6.596656277714074e-05, bs:32",CustomCNN,False,hyperparameter_optimization,90.0,pruned
c179ccf19cf347c7a969a62372732bfa,3,FAILED,2026-08-17 16:36:39.677000+00:00,2026-08-17 17:32:45.557000+00:00,,,,,,,,,,,,,,,,,,1.4611386060714722,,,,,,,1.3063604831695557,,,,,,,,,,,,,,,,,,,,,,,,,,0.4163614213466644,,,,,,,,0.4878048896789551,,,,,,,,,,,,,0.5,5.0,,128.0,128.0,16.0,Adam,2.8743888355769798e-05,8.0,1.0,3.0,16,1,64.0,,,"CustomCNN | cl:3, fl1:16, fl2:128, fl3:128, ks:5, st:1, dl:1, du1:64, dr:0.5, opt:Adam, lr:2.8743888355769794e-05, bs:16",CustomCNN,False,hyperparameter_optimization,89.0,pruned
ee4fb156f5974d6a9dde619ecac0b6a4,3,FINISHED,2026-08-17 15:42:28.817000+00:00,2026-08-17 16:36:37.682000+00:00,,,,,,,,,,,,,,,,,,0.6878372430801392,,,,,0.6731707317073171,,0.8232883214950562,,,,,,,,,,,,,,,,0.6673054826783031,,,,,,,,,,0.7509157657623291,0.8171041282057631,,,0.6731707317073171,0.8168498168498168,0.8156059606559432,,0.6731707453727722,,0.8168498168498168,,,,0.6678474019633941,,,,,,0.8229320049285889,0.5,5.0,0.0002561005868735,128.0,128.0,32.0,AdamW,0.000257634080149,57.0,2.0,3.0,32,1,128.0,,,"CustomCNN | cl:3, fl1:32, fl2:128, fl3:128, ks:5, st:2, dl:1, du1:128, dr:0.5, opt:AdamW, lr:0.00025763408014901234, wd:0.00025610058687358737, bs:32",CustomCNN,False,hyperparameter_optimization,88.0,completed
2a938c664f1f41a3a1fa2f51b42d314d,3,FAILED,2026-08-17 15:16:58.567000+00:00,2026-08-17 15:42:26.730000+00:00,,,,,,,,,,,,,,,,,,1.094078540802002,,,,,,,1.940988540649414,,,,,,,,,,,,,,,,,,,,,,,,,,0.5818070769309998,,,,,,,,0.3731707334518432,,,,,,,,,,,,,0.5,5.0,0.0001631282593117,128.0,128.0,128.0,AdamW,0.0004467696279907,8.0,2.0,3.0,32,1,128.0,,,"CustomCNN | cl:3, fl1:128, fl2:128, fl3:128, ks:5, st:2, dl:1, du1:128, dr:0.5, opt:AdamW, lr:0.00044676962799073045, wd:0.00016312825931176196, bs:32",CustomCNN,False,hyperparameter_optimization,87.0,pruned
73eb188181f74135af7415098a75acec,3,FAILED,2026-08-17 15:11:02.155000+00:00,2026-08-17 15:16:56.511000+00:00,,,,,,,,,,,,,,,,,,1.5127618312835691,,,,,,,1.460862159729004,,,,,,,,,,,,,,,,,,,,,,,,,,0.3949939012527466,,,,,,,,0.3902438879013061,,,,,,,,,,,,,0.5,5.0,0.0002001759970234,,,32.0,AdamW,0.0002309802712986,8.0,2.0,1.0,32,1,128.0,,,"CustomCNN | cl:1, fl1:32, ks:5, st:2, dl:1, du1:128, dr:0.5, opt:AdamW, lr:0.00023098027129860556, wd:0.00020017599702345143, bs:32",CustomCNN,False,hyperparameter_optimization,86.0,pruned
38201d02dc2b4f2ba2e978c45a799b9e,3,FAILED,2026-08-17 14:20:04.013000+00:00,2026-08-17 15:11:00.349000+00:00,,,,,,,,,,,,,,,,,,0.7428494691848755,,,,,,,0.85005784034729,,,,,,,,,,,,,,,,,,,,,,,,,,0.7203907370567322,,,,,,,,0.6439024209976196,,,,,,,,,,,,,0.5,5.0,0.0001099351341366,128.0,128.0,32.0,AdamW,0.0003263917637006,54.0,2.0,3.0,32,1,128.0,,,"CustomCNN | cl:3, fl1:32, fl2:128, fl3:128, ks:5, st:2, dl:1, du1:128, dr:0.5, opt:AdamW, lr:0.0003263917637006948, wd:0.0001099351341366764, bs:32",CustomCNN,False,hyperparameter_optimization,85.0,pruned
c8d386e6c40b4a0fb1044c51c0aae0f1,3,FINISHED,2026-08-17 13:09:06.159000+00:00,2026-08-17 14:20:01.961000+00:00,,,,,,,,,,,,,,,,,,0.612048864364624,,,,,0.6707317073170732,,0.794485330581665,,,,,,,,,,,,,,,,0.6667807626309676,,,,,,,,,,0.791208803653717,0.8284914221611273,,,0.6707317073170732,0.8241758241758241,0.8243651333745756,,0.6707317233085632,,0.8241758241758241,,,,0.6678949981583328,,,,,,0.7918252348899841,0.5,5.0,0.0001958323868834,128.0,128.0,32.0,AdamW,0.0003217803880756,75.0,2.0,3.0,32,1,128.0,,,"CustomCNN | cl:3, fl1:32, fl2:128, fl3:128, ks:5, st:2, dl:1, du1:128, dr:0.5, opt:AdamW, lr:0.00032178038807563605, wd:0.0001958323868834605, bs:32",CustomCNN,False,hyperparameter_optimization,84.0,completed
b1832dd498d84f64a01838970fdd15c5,3,FINISHED,2026-08-17 12:04:42.002000+00:00,2026-08-17 13:09:04.161000+00:00,,,,,,,,,,,,,,,,,,0.6645705103874207,,,,,0.6658536585365854,,0.8165248036384583,,,,,,,,,,,,,,,,0.6575783839389754,,,,,,,,,,0.7649572491645813,0.8284404658748614,,,0.6658536585365854,0.8241758241758241,0.8240252313442069,,0.6463414430618286,,0.8241758241758241,,,,0.659223856106865,,,,,,0.8147552013397217,0.5,5.0,0.0002867383306471,128.0,128.0,32.0,AdamW,0.0003188722278958,68.0,2.0,3.0,32,1,128.0,,,"CustomCNN | cl:3, fl1:32, fl2:128, fl3:128, ks:5, st:2, dl:1, du1:128, dr:0.5, opt:AdamW, lr:0.00031887222789587637, wd:0.0002867383306471556, bs:32",CustomCNN,False,hyperparameter_optimization,83.0,completed
8126f54412a64fc7ab2a0f4d1008f2a7,3,FINISHED,2026-08-17 11:03:05.722000+00:00,2026-08-17 12:04:39.917000+00:00,,,,,,,,,,,,,,,,,,0.6542632579803467,,,,,0.6780487804878049,,0.8169786930084229,,,,,,,,,,,,,,,,0.6732741176708344,,,,,,,,,,0.7753357887268066,0.8181885432394572,,,0.6780487804878049,0.8070818070818071,0.8087171604102654,,0.6341463327407837,,0.8070818070818071,,,,0.6733082236872013,,,,,,0.8045523166656494,0.5,5.0,0.000273026230955,128.0,128.0,32.0,AdamW,0.0003248398581279,65.0,2.0,3.0,32,1,128.0,,,"CustomCNN | cl:3, fl1:32, fl2:128, fl3:128, ks:5, st:2, dl:1, du1:128, dr:0.5, opt:AdamW, lr:0.0003248398581279808, wd:0.00027302623095506903, bs:32",CustomCNN,False,hyperparameter_optimization,82.0,completed
5b9fa6e960b74deaa3196aacdaf5563c,3,FINISHED,2026-08-17 10:07:08.368000+00:00,2026-08-17 11:03:03.584000+00:00,,,,,,,,,,,,,,,,,,0.6924150586128235,,,,,0.6658536585365854,,0.8411757349967957,,,,,,,,,,,,,,,,0.6632707999672076,,,,,,,,,,0.7503052353858948,0.8140056246372918,,,0.6658536585365854,0.8089133089133089,0.8091786505976942,,0.6439024209976196,,0.8089133089133089,,,,0.6634923775492808,,,,,,0.8328518867492676,0.5,5.0,0.0002939127822189,128.0,128.0,32.0,AdamW,0.0003209079064023,59.0,2.0,3.0,32,1,128.0,,,"CustomCNN | cl:3, fl1:32, fl2:128, fl3:128, ks:5, st:2, dl:1, du1:128, dr:0.5, opt:AdamW, lr:0.00032090790640233307, wd:0.00029391278221893536, bs:32",CustomCNN,False,hyperparameter_optimization,81.0,completed
e323aac5ddcf42019e2f70b3febf7abe,3,FAILED,2026-08-17 09:44:36.349000+00:00,2026-08-17 10:07:06.304000+00:00,,,,,,,,,,,,,,,,,,0.8845662474632263,,,,,,,0.9946597218513488,,,,,,,,,,,,,,,,,,,,,,,,,,0.6599511504173279,,,,,,,,0.5804877877235413,,,,,,,,,,,,,0.3,3.0,0.0007588370798225,16.0,128.0,32.0,AdamW,0.000910192368452,26.0,2.0,3.0,32,1,128.0,,,"CustomCNN | cl:3, fl1:32, fl2:128, fl3:16, ks:3, st:2, dl:1, du1:128, dr:0.3, opt:AdamW, lr:0.0009101923684520111, wd:0.000758837079822502, bs:32",CustomCNN,False,hyperparameter_optimization,80.0,pruned
49d1092a8b3a47d48714d6d281b4751e,3,FAILED,2026-08-17 09:35:46.950000+00:00,2026-08-17 09:44:34.366000+00:00,,,,,,,,,,,,,,,,,,0.9971614480018616,,,,,,,1.3031129837036133,,,,,,,,,,,,,,,,,,,,,,,,,,0.6245421171188354,,,,,,,,0.4682926833629608,,,,,,,,,,,,,0.5,5.0,0.0004217520254378,32.0,32.0,32.0,AdamW,0.0006516701381484,11.0,2.0,3.0,32,1,128.0,,,"CustomCNN | cl:3, fl1:32, fl2:32, fl3:32, ks:5, st:2, dl:1, du1:128, dr:0.5, opt:AdamW, lr:0.0006516701381484755, wd:0.00042175202543789204, bs:32",CustomCNN,False,hyperparameter_optimization,79.0,pruned
998f5d5992d3413d95d266e09a9fd318,3,FAILED,2026-08-17 09:29:00.526000+00:00,2026-08-17 09:35:44.890000+00:00,,,,,,,,,,,,,,,,,,1.4284590482711792,,,,,,,1.5447367429733276,,,,,,,,,,,,,,,,,,,,,,,,,,0.4481074512004852,,,,,,,,0.353658527135849,,,,,,,,,,,,,0.5,5.0,0.0001438101530436,32.0,64.0,32.0,AdamW,0.0001755146282207,8.0,2.0,3.0,32,1,32.0,,,"CustomCNN | cl:3, fl1:32, fl2:64, fl3:32, ks:5, st:2, dl:1, du1:32, dr:0.5, opt:AdamW, lr:0.00017551462822074006, wd:0.00014381015304368585, bs:32",CustomCNN,False,hyperparameter_optimization,78.0,pruned
d5d8e5d21a674617b94c660922fe8bd3,3,FAILED,2026-08-17 08:45:58.258000+00:00,2026-08-17 09:28:58.497000+00:00,,,,,,,,,,,,,,,,,,0.9249981641769408,,,,,,,1.036324381828308,,,,,,,,,,,,,,,,,,,,,,,,,,0.653235673904419,,,,,,,,0.5853658318519592,,,,,,,,,,,,,0.5,5.0,,64.0,128.0,64.0,Adam,0.0001065006905357,26.0,2.0,3.0,16,1,128.0,,,"CustomCNN | cl:3, fl1:64, fl2:128, fl3:64, ks:5, st:2, dl:1, du1:128, dr:0.5, opt:Adam, lr:0.00010650069053571794, bs:16",CustomCNN,False,hyperparameter_optimization,77.0,pruned
39e20387aef14114b52592896d67fd2c,3,FAILED,2026-08-17 08:18:34.485000+00:00,2026-08-17 08:45:56.361000+00:00,,,,,,,,,,,,,,,,,,0.7670726776123047,,,,,,,1.0495729446411133,,,,,,,,,,,,,,,,,,,,,,,,,,0.7112331986427307,,,,,,,,0.5853658318519592,,,,,,,,,,,,,0.5,5.0,0.0002204926620485,128.0,128.0,32.0,AdamW,0.0003593954962607,29.0,2.0,3.0,32,1,128.0,,,"CustomCNN | cl:3, fl1:32, fl2:128, fl3:128, ks:5, st:2, dl:1, du1:128, dr:0.5, opt:AdamW, lr:0.00035939549626070444, wd:0.00022049266204858496, bs:32",CustomCNN,False,hyperparameter_optimization,76.0,pruned
970d3563c6c149c780008249b4189033,3,FAILED,2026-08-17 08:08:57.331000+00:00,2026-08-17 08:18:32.448000+00:00,,,,,,,,,,,,,,,,,,1.0503392219543457,,,,,,,1.066663384437561,,,,,,,,,,,,,,,,,,,,,,,,,,0.6074481010437012,,,,,,,,0.5414634346961975,,,,,,,,,,,,,0.5,5.0,0.0003553073264221,128.0,16.0,16.0,AdamW,0.0002317969571116,21.0,2.0,3.0,32,1,64.0,,,"CustomCNN | cl:3, fl1:16, fl2:16, fl3:128, ks:5, st:2, dl:1, du1:64, dr:0.5, opt:AdamW, lr:0.00023179695711165449, wd:0.00035530732642214324, bs:32",CustomCNN,False,hyperparameter_optimization,75.0,pruned
bf2f380c44414a31b66102fe9e6733df,3,FAILED,2026-08-17 07:43:27.121000+00:00,2026-08-17 08:08:55.243000+00:00,,,,,,,,,,,,,,,,,,1.115316390991211,,,,,,,1.3257791996002195,,,,,,,,,,,,,,,,,,,,,,,,,,0.5775336027145386,,,,,,,,0.4512194991111755,,,,,,,,,,,,,0.5,5.0,0.0004942080827175,128.0,128.0,128.0,AdamW,0.0001132693559931,8.0,2.0,3.0,32,1,128.0,,,"CustomCNN | cl:3, fl1:128, fl2:128, fl3:128, ks:5, st:2, dl:1, du1:128, dr:0.5, opt:AdamW, lr:0.00011326935599319453, wd:0.0004942080827175012, bs:32",CustomCNN,False,hyperparameter_optimization,74.0,pruned
bf79f4ef8ac047b1ab5b5521eb2af97a,3,FAILED,2026-08-17 06:36:19.002000+00:00,2026-08-17 07:43:25.054000+00:00,,,,,,,,,,,,,,,,,,0.7888564467430115,,,,,,,0.9044590592384338,,,,,,,,,,,,,,,,,,,,,,,,,,0.7124541997909546,,,,,,,,0.6121951341629028,,,,,,,,,,,,,0.5,5.0,0.0002407499465299,128.0,128.0,64.0,AdamW,0.0001500877317562,40.0,2.0,3.0,32,1,128.0,,,"CustomCNN | cl:3, fl1:64, fl2:128, fl3:128, ks:5, st:2, dl:1, du1:128, dr:0.5, opt:AdamW, lr:0.00015008773175625496, wd:0.00024074994652996143, bs:32",CustomCNN,False,hyperparameter_optimization,73.0,pruned
73a2584d28624c9ea0e52ae84c462aa5,3,FAILED,2026-08-17 05:47:38.941000+00:00,2026-08-17 06:36:16.994000+00:00,,,,,,,,,,,,,,,,,,0.8876315951347351,,,,,,,0.9502547383308412,,,,,,,,,,,,,,,,,,,,,,,,,,0.66300368309021,,,,,,,,0.6121951341629028,,,,,,,,,,,,,0.5,5.0,0.0001713619970126,128.0,128.0,64.0,AdamW,8.692554574519941e-05,29.0,2.0,3.0,32,1,128.0,,,"CustomCNN | cl:3, fl1:64, fl2:128, fl3:128, ks:5, st:2, dl:1, du1:128, dr:0.5, opt:AdamW, lr:8.692554574519941e-05, wd:0.000171361997012626, bs:32",CustomCNN,False,hyperparameter_optimization,72.0,pruned
958cd5581a1540ba8659c24bb97ff73c,3,FAILED,2026-08-17 05:04:03.122000+00:00,2026-08-17 05:47:36.882000+00:00,,,,,,,,,,,,,,,,,,0.7999818921089172,,,,,,,0.9679054617881776,,,,,,,,,,,,,,,,,,,,,,,,,,0.7063491940498352,,,,,,,,0.6219512224197388,,,,,,,,,,,,,0.5,5.0,0.000362312131334,128.0,128.0,64.0,AdamW,0.0004264978181795,26.0,2.0,3.0,32,1,128.0,,,"CustomCNN | cl:3, fl1:64, fl2:128, fl3:128, ks:5, st:2, dl:1, du1:128, dr:0.5, opt:AdamW, lr:0.00042649781817952496, wd:0.0003623121313340604, bs:32",CustomCNN,False,hyperparameter_optimization,71.0,pruned
ea1fc8080bea4994a596cf200341d04c,3,FAILED,2026-08-17 04:20:26.059000+00:00,2026-08-17 05:04:01.099000+00:00,,,,,,,,,,,,,,,,,,0.8129665851593018,,,,,,,0.954733431339264,,,,,,,,,,,,,,,,,,,,,,,,,,0.692307710647583,,,,,,,,0.5975610017776489,,,,,,,,,,,,,0.5,5.0,0.0002383482714129,128.0,128.0,64.0,AdamW,0.0002274744648248,26.0,2.0,3.0,32,1,128.0,,,"CustomCNN | cl:3, fl1:64, fl2:128, fl3:128, ks:5, st:2, dl:1, du1:128, dr:0.5, opt:AdamW, lr:0.00022747446482485439, wd:0.00023834827141290486, bs:32",CustomCNN,False,hyperparameter_optimization,70.0,pruned
1b86e7f912e9462085358c708560a987,3,FINISHED,2026-08-17 02:30:53.882000+00:00,2026-08-17 04:20:23.974000+00:00,,,,,,,,,,,,,,,,,,0.6327043771743774,,,,,0.6682926829268293,,0.8153035044670105,,,,,,,,,,,,,,,,0.6602732898270466,,,,,,,,,,0.7789987921714783,0.8142697547101405,,,0.6682926829268293,0.8137973137973138,0.8122066016811624,,0.6634146571159363,,0.8137973137973138,,,,0.6597074453953954,,,,,,0.8012080788612366,0.5,5.0,0.0002421394765827,128.0,128.0,64.0,AdamW,0.0002174686007911,65.0,2.0,3.0,32,1,128.0,,,"CustomCNN | cl:3, fl1:64, fl2:128, fl3:128, ks:5, st:2, dl:1, du1:128, dr:0.5, opt:AdamW, lr:0.00021746860079113886, wd:0.0002421394765827157, bs:32",CustomCNN,False,hyperparameter_optimization,69.0,completed
c49405f3585f47e9a3815e61797d9161,3,FINISHED,2026-08-17 01:29:28.737000+00:00,2026-08-17 02:30:51.822000+00:00,,,,,,,,,,,,,,,,,,0.7171322107315063,,,,,0.6463414634146342,,0.841863214969635,,,,,,,,,,,,,,,,0.6401426286033761,,,,,,,,,,0.7515262365341187,0.7927269289688061,,,0.6463414634146342,0.7918192918192918,0.789929190871552,,0.6390243768692017,,0.7918192918192918,,,,0.6382411894237751,,,,,,0.8383280038833618,0.5,5.0,0.0001119030402747,128.0,128.0,32.0,AdamW,0.000291776764735,65.0,2.0,3.0,32,1,128.0,,,"CustomCNN | cl:3, fl1:32, fl2:128, fl3:128, ks:5, st:2, dl:1, du1:128, dr:0.5, opt:AdamW, lr:0.0002917767647350254, wd:0.00011190304027470988, bs:32",CustomCNN,False,hyperparameter_optimization,68.0,completed
7e16b50d67304b89b8a7bc693988ec35,3,FINISHED,2026-08-17 00:28:59.633000+00:00,2026-08-17 01:29:26.615000+00:00,,,,,,,,,,,,,,,,,,0.6507793664932251,,,,,0.6731707317073171,,0.792874276638031,,,,,,,,,,,,,,,,0.6681359663216931,,,,,,,,,,0.7600732445716858,0.8386363214012326,,,0.6731707317073171,0.8376068376068376,0.8365341616002802,,0.6707317233085632,,0.8376068376068376,,,,0.6714603443000009,,,,,,0.7919490933418274,0.5,5.0,0.0002300357264731,128.0,128.0,32.0,AdamW,0.0004550779716975,64.0,2.0,3.0,32,1,128.0,,,"CustomCNN | cl:3, fl1:32, fl2:128, fl3:128, ks:5, st:2, dl:1, du1:128, dr:0.5, opt:AdamW, lr:0.00045507797169751614, wd:0.00023003572647315845, bs:32",CustomCNN,False,hyperparameter_optimization,67.0,completed
5e7c22bbc75a4cb2a906cb45aa414e19,3,FAILED,2026-08-17 00:00:31.029000+00:00,2026-08-17 00:28:57.598000+00:00,,,,,,,,,,,,,,,,,,0.9070276618003844,,,,,,,0.9295267462730408,,,,,,,,,,,,,,,,,,,,,,,,,,0.6849817037582397,,,,,,,,0.6024390459060669,,,,,,,,,,,,,0.5,3.0,1.4878682507554556e-05,16.0,128.0,32.0,AdamW,0.0006873106139499,33.0,2.0,3.0,32,1,128.0,,,"CustomCNN | cl:3, fl1:32, fl2:128, fl3:16, ks:3, st:2, dl:1, du1:128, dr:0.5, opt:AdamW, lr:0.0006873106139499075, wd:1.4878682507554557e-05, bs:32",CustomCNN,False,hyperparameter_optimization,66.0,pruned
79c7b32e316e462f8833b8433b6e2e1e,3,FAILED,2026-08-16 23:50:57.571000+00:00,2026-08-17 00:00:28.988000+00:00,,,,,,,,,,,,,,,,,,1.2189689874649048,,,,,,,1.2684158086776731,,,,,,,,,,,,,,,,,,,,,,,,,,0.5079365372657776,,,,,,,,0.4707317054271698,,,,,,,,,,,,,0.5,3.0,0.0007239741717669,32.0,128.0,32.0,AdamW,0.0005649237060512,11.0,2.0,3.0,32,1,32.0,,,"CustomCNN | cl:3, fl1:32, fl2:128, fl3:32, ks:3, st:2, dl:1, du1:32, dr:0.5, opt:AdamW, lr:0.0005649237060512915, wd:0.0007239741717669884, bs:32",CustomCNN,False,hyperparameter_optimization,65.0,pruned
2d57b357c5134140bd217a3618285f06,3,FAILED,2026-08-16 23:28:30.098000+00:00,2026-08-16 23:50:55.501000+00:00,,,,,,,,,,,,,,,,,,0.904357612133026,,,,,,,1.003678798675537,,,,,,,,,,,,,,,,,,,,,,,,,,0.6654456853866577,,,,,,,,0.6073170900344849,,,,,,,,,,,,,0.5,3.0,0.0003180391110913,32.0,128.0,32.0,AdamW,0.0008698202968619,26.0,2.0,3.0,32,1,128.0,,,"CustomCNN | cl:3, fl1:32, fl2:128, fl3:32, ks:3, st:2, dl:1, du1:128, dr:0.5, opt:AdamW, lr:0.0008698202968619119, wd:0.0003180391110913519, bs:32",CustomCNN,False,hyperparameter_optimization,64.0,pruned
ba3bbecdf6f14b79aebfd5071422157f,3,FAILED,2026-08-16 22:57:28.825000+00:00,2026-08-16 23:28:28.018000+00:00,,,,,,,,,,,,,,,,,,0.8563892245292664,,,,,,,0.9241112470626832,,,,,,,,,,,,,,,,,,,,,,,,,,0.6776556968688965,,,,,,,,0.6024390459060669,,,,,,,,,,,,,0.5,3.0,1.5509140220935058e-06,32.0,128.0,32.0,AdamW,0.0006356669926319,36.0,2.0,3.0,32,1,128.0,,,"CustomCNN | cl:3, fl1:32, fl2:128, fl3:32, ks:3, st:2, dl:1, du1:128, dr:0.5, opt:AdamW, lr:0.0006356669926319909, wd:1.5509140220935058e-06, bs:32",CustomCNN,False,hyperparameter_optimization,63.0,pruned
5b6343b0e5d5424891c9145ba7d2d405,3,FAILED,2026-08-16 22:29:53.086000+00:00,2026-08-16 22:57:26.659000+00:00,,,,,,,,,,,,,,,,,,0.8688241839408875,,,,,,,0.9789923429489136,,,,,,,,,,,,,,,,,,,,,,,,,,0.6648351550102234,,,,,,,,0.5707316994667053,,,,,,,,,,,,,0.5,3.0,0.0006000598382739,32.0,128.0,32.0,AdamW,0.0008444089174111,32.0,2.0,3.0,32,1,128.0,,,"CustomCNN | cl:3, fl1:32, fl2:128, fl3:32, ks:3, st:2, dl:1, du1:128, dr:0.5, opt:AdamW, lr:0.0008444089174111167, wd:0.0006000598382739891, bs:32",CustomCNN,False,hyperparameter_optimization,62.0,pruned
4853d982995b448eb662caa673c249a5,3,FAILED,2026-08-16 22:02:20.362000+00:00,2026-08-16 22:29:51.036000+00:00,,,,,,,,,,,,,,,,,,0.8793240785598755,,,,,,,0.9211135506629944,,,,,,,,,,,,,,,,,,,,,,,,,,0.6691086888313293,,,,,,,,0.6170731782913208,,,,,,,,,,,,,0.5,3.0,0.0004370996596527,32.0,128.0,32.0,AdamW,0.0007896781062949,32.0,2.0,3.0,32,1,128.0,,,"CustomCNN | cl:3, fl1:32, fl2:128, fl3:32, ks:3, st:2, dl:1, du1:128, dr:0.5, opt:AdamW, lr:0.000789678106294906, wd:0.0004370996596527987, bs:32",CustomCNN,False,hyperparameter_optimization,61.0,pruned
235de5100c494e768d1f04a50ce4124e,3,FAILED,2026-08-16 21:56:18.523000+00:00,2026-08-16 22:02:18.368000+00:00,,,,,,,,,,,,,,,,,,1.2746976613998413,,,,,,,1.546678066253662,,,,,,,,,,,,,,,,,,,,,,,,,,0.5018315315246582,,,,,,,,0.4341463446617126,,,,,,,,,,,,,0.5,3.0,9.365800934769129e-05,,32.0,32.0,AdamW,0.0009783804385859,8.0,2.0,2.0,32,1,128.0,,,"CustomCNN | cl:2, fl1:32, fl2:32, ks:3, st:2, dl:1, du1:128, dr:0.5, opt:AdamW, lr:0.000978380438585982, wd:9.365800934769127e-05, bs:32",CustomCNN,False,hyperparameter_optimization,60.0,pruned
c033ec70540e4ac7a2449d76b6a785c7,3,FAILED,2026-08-16 19:14:56.838000+00:00,2026-08-16 19:36:36.393000+00:00,,,,,,,,,,,,,,,,,,0.976549744606018,,,,,,,0.933857560157776,,,,,,,,,,,,,,,,,,,,,,,,,,0.629426121711731,,,,,,,,0.5902438759803772,,,,,,,,,,,,,0.5,3.0,0.0001761078719835,32.0,16.0,32.0,AdamW,0.0005084230499309,29.0,2.0,3.0,32,1,128.0,,,"CustomCNN | cl:3, fl1:32, fl2:16, fl3:32, ks:3, st:2, dl:1, du1:128, dr:0.5, opt:AdamW, lr:0.0005084230499309651, wd:0.00017610787198352401, bs:32",CustomCNN,False,hyperparameter_optimization,59.0,pruned
62343c324ceb4be39e226de2707ef8f6,3,FAILED,2026-08-16 18:38:11.120000+00:00,2026-08-16 19:14:54.757000+00:00,,,,,,,,,,,,,,,,,,1.1617323160171509,,,,,,,1.0391066074371338,,,,,,,,,,,,,,,,,,,,,,,,,,0.5512820482254028,,,,,,,,0.5878048539161682,,,,,,,,,,,,,0.5,3.0,,64.0,128.0,64.0,Adam,0.0004750530883539,24.0,2.0,3.0,16,0,,,,"CustomCNN | cl:3, fl1:64, fl2:128, fl3:64, ks:3, st:2, dl:0, dr:0.5, opt:Adam, lr:0.0004750530883539747, bs:16",CustomCNN,False,hyperparameter_optimization,58.0,pruned
80c09ce54cec4f39a9ee3f66f86f7fe1,3,FAILED,2026-08-16 18:12:50.022000+00:00,2026-08-16 18:38:09.293000+00:00,,,,,,,,,,,,,,,,,,0.9555240869522096,,,,,,,0.915457010269165,,,,,,,,,,,,,,,,,,,,,,,,,,0.6477411389350891,,,,,,,,0.6243902444839478,,,,,,,,,,,,,0.5,3.0,0.0002829670019694,32.0,64.0,32.0,AdamW,0.0003894101610761,32.0,2.0,3.0,32,1,128.0,,,"CustomCNN | cl:3, fl1:32, fl2:64, fl3:32, ks:3, st:2, dl:1, du1:128, dr:0.5, opt:AdamW, lr:0.00038941016107612013, wd:0.0002829670019694718, bs:32",CustomCNN,False,hyperparameter_optimization,57.0,pruned
0e8e37f734fc48da97721a1d19af1dc4,3,FAILED,2026-08-16 17:57:09.018000+00:00,2026-08-16 18:12:48.019000+00:00,,,,,,,,,,,,,,,,,,0.9356915950775146,,,,,,,0.9490816593170166,,,,,,,,,,,,,,,,,,,,,,,,,,0.632478654384613,,,,,,,,0.6000000238418579,,,,,,,,,,,,,0.5,3.0,0.0001474252029716,32.0,128.0,16.0,AdamW,0.0007699515412615,29.0,2.0,3.0,32,1,64.0,,,"CustomCNN | cl:3, fl1:16, fl2:128, fl3:32, ks:3, st:2, dl:1, du1:64, dr:0.5, opt:AdamW, lr:0.0007699515412615478, wd:0.00014742520297165296, bs:32",CustomCNN,False,hyperparameter_optimization,56.0,pruned
0a8652b599d241278adbb684079392ce,3,FAILED,2026-08-16 17:34:22.718000+00:00,2026-08-16 17:57:07.008000+00:00,,,,,,,,,,,,,,,,,,0.944183111190796,,,,,,,0.9605674147605896,,,,,,,,,,,,,,,,,,,,,,,,,,0.6428571343421936,,,,,,,,0.6024390459060669,,,,,,,,,,,,,0.5,3.0,0.0006324246424193,16.0,128.0,32.0,AdamW,0.0005975666201675,26.0,2.0,3.0,32,1,128.0,,,"CustomCNN | cl:3, fl1:32, fl2:128, fl3:16, ks:3, st:2, dl:1, du1:128, dr:0.5, opt:AdamW, lr:0.0005975666201675564, wd:0.0006324246424193881, bs:32",CustomCNN,False,hyperparameter_optimization,55.0,pruned
235146cf65644281bea16f116e7a4f19,3,FAILED,2026-08-16 16:56:47.574000+00:00,2026-08-16 17:34:20.579000+00:00,,,,,,,,,,,,,,,,,,0.8463741540908813,,,,,,,0.8750644326210022,,,,,,,,,,,,,,,,,,,,,,,,,,0.6813187003135681,,,,,,,,0.6292682886123657,,,,,,,,,,,,,0.5,3.0,0.00043669776367,32.0,128.0,32.0,AdamW,0.0009821314932175,43.0,2.0,3.0,32,1,128.0,,,"CustomCNN | cl:3, fl1:32, fl2:128, fl3:32, ks:3, st:2, dl:1, du1:128, dr:0.5, opt:AdamW, lr:0.000982131493217504, wd:0.0004366977636700516, bs:32",CustomCNN,False,hyperparameter_optimization,54.0,pruned
1866f5fb3ad9462b8dd5a0c1b9b2b7ac,3,FINISHED,2026-08-16 15:42:10.771000+00:00,2026-08-16 16:56:45.442000+00:00,,,,,,,,,,,,,,,,,,0.7720958590507507,,,,,0.6585365853658537,,0.8268589377403259,,,,,,,,,,,,,,,,0.654575851802952,,,,,,,,,,0.7203907370567322,0.7621214226326479,,,0.6585365853658537,0.7576312576312576,0.7568876802678046,,0.6585366129875183,,0.7576312576312576,,,,0.6579456581502731,,,,,,0.8247812986373901,0.5,3.0,0.0004844829676223,32.0,128.0,32.0,AdamW,0.0009736536975367,85.0,2.0,3.0,32,1,128.0,,,"CustomCNN | cl:3, fl1:32, fl2:128, fl3:32, ks:3, st:2, dl:1, du1:128, dr:0.5, opt:AdamW, lr:0.0009736536975367184, wd:0.0004844829676223157, bs:32",CustomCNN,False,hyperparameter_optimization,53.0,completed
7424b57b3c94464a80748622851254cd,3,FAILED,2026-08-16 15:14:10.238000+00:00,2026-08-16 15:42:08.692000+00:00,,,,,,,,,,,,,,,,,,0.8886895179748535,,,,,,,0.9477691650390624,,,,,,,,,,,,,,,,,,,,,,,,,,0.668498158454895,,,,,,,,0.6341463327407837,,,,,,,,,,,,,0.5,3.0,0.0002997155499356,32.0,128.0,32.0,AdamW,0.0008114371416203,32.0,2.0,3.0,32,1,128.0,,,"CustomCNN | cl:3, fl1:32, fl2:128, fl3:32, ks:3, st:2, dl:1, du1:128, dr:0.5, opt:AdamW, lr:0.0008114371416203538, wd:0.00029971554993564, bs:32",CustomCNN,False,hyperparameter_optimization,52.0,pruned
ddde9e73b7c1432fa0a70fb4c3e422b4,3,FINISHED,2026-08-16 14:17:03.371000+00:00,2026-08-16 15:14:08.219000+00:00,,,,,,,,,,,,,,,,,,0.7627254128456116,,,,,0.6390243902439025,,0.8354765176773071,,,,,,,,,,,,,,,,0.6335886527379686,,,,,,,,,,0.7167277336120605,0.7545829677832623,,,0.6390243902439025,0.7515262515262515,0.7505399555685224,,0.6487804651260376,,0.7515262515262515,,,,0.6337952233217656,,,,,,0.8347645998001099,0.5,3.0,0.0003957022947139,32.0,128.0,32.0,AdamW,0.0009088319346083,65.0,2.0,3.0,32,1,128.0,,,"CustomCNN | cl:3, fl1:32, fl2:128, fl3:32, ks:3, st:2, dl:1, du1:128, dr:0.5, opt:AdamW, lr:0.000908831934608372, wd:0.0003957022947139671, bs:32",CustomCNN,False,hyperparameter_optimization,51.0,completed
9739c32608ce4f23aed3111f73e75cca,3,FAILED,2026-08-16 13:49:05.065000+00:00,2026-08-16 14:17:01.283000+00:00,,,,,,,,,,,,,,,,,,0.920764684677124,,,,,,,0.9428184628486632,,,,,,,,,,,,,,,,,,,,,,,,,,0.6556776762008667,,,,,,,,0.6073170900344849,,,,,,,,,,,,,0.5,3.0,3.354806925623199e-05,32.0,128.0,32.0,AdamW,0.0005258299138285,32.0,2.0,3.0,32,1,128.0,,,"CustomCNN | cl:3, fl1:32, fl2:128, fl3:32, ks:3, st:2, dl:1, du1:128, dr:0.5, opt:AdamW, lr:0.0005258299138285135, wd:3.354806925623199e-05, bs:32",CustomCNN,False,hyperparameter_optimization,50.0,pruned
490bb02da36b43269c343296b7ae740e,3,FAILED,2026-08-16 13:04:08.840000+00:00,2026-08-16 13:49:02.981000+00:00,,,,,,,,,,,,,,,,,,0.9589943885803224,,,,,,,1.163793921470642,,,,,,,,,,,,,,,,,,,,,,,,,,0.6306471228599548,,,,,,,,0.5463414788246155,,,,,,,,,,,,,0.4,3.0,5.939347657408802e-06,128.0,32.0,128.0,AdamW,0.0007530997374213,16.0,2.0,3.0,32,1,128.0,,,"CustomCNN | cl:3, fl1:128, fl2:32, fl3:128, ks:3, st:2, dl:1, du1:128, dr:0.4, opt:AdamW, lr:0.0007530997374213135, wd:5.939347657408802e-06, bs:32",CustomCNN,False,hyperparameter_optimization,49.0,pruned
c08deaf43db44b819016d39ffe468254,3,FAILED,2026-08-16 12:58:06.776000+00:00,2026-08-16 13:04:06.702000+00:00,,,,,,,,,,,,,,,,,,1.2981009483337402,,,,,,,1.421929955482483,,,,,,,,,,,,,,,,,,,,,,,,,,0.4859584867954254,,,,,,,,0.4097560942173004,,,,,,,,,,,,,0.5,3.0,0.0002629950640517,32.0,16.0,32.0,AdamW,0.0009782740777321,8.0,2.0,3.0,32,1,32.0,,,"CustomCNN | cl:3, fl1:32, fl2:16, fl3:32, ks:3, st:2, dl:1, du1:32, dr:0.5, opt:AdamW, lr:0.0009782740777321908, wd:0.00026299506405179715, bs:32",CustomCNN,False,hyperparameter_optimization,48.0,pruned
6523e207445f4333b68907f3a12be45c,3,FAILED,2026-08-16 11:28:25.626000+00:00,2026-08-16 12:58:04.883000+00:00,,,,,,,,,,,,,,,,,,1.48536479473114,,,,,,,1.5249167680740356,,,,,,,,,,,,,,,,,,,,,,,,,,0.4151404201984405,,,,,,,,0.4219512343406677,,,,,,,,,,,,,0.5,5.0,,,128.0,64.0,Adam,0.000211243240334,8.0,1.0,2.0,16,0,,,,"CustomCNN | cl:2, fl1:64, fl2:128, ks:5, st:1, dl:0, dr:0.5, opt:Adam, lr:0.00021124324033406389, bs:16",CustomCNN,False,hyperparameter_optimization,47.0,pruned
1eccd06f6f0141cdad6fffcd3a6bec66,3,FINISHED,2026-08-16 10:21:43.611000+00:00,2026-08-16 11:28:23.990000+00:00,,,,,,,,,,,,,,,,,,0.7958815693855286,,,,,0.6634146341463415,,0.8519999384880066,,,,,,,,,,,,,,,,0.6585767864923007,,,,,,,,,,0.7063491940498352,0.7476835187701449,,,0.6634146341463415,0.742979242979243,0.7424008792744625,,0.6585366129875183,,0.742979242979243,,,,0.662850174216028,,,,,,0.850563108921051,0.5,3.0,2.1506269019910454e-05,32.0,128.0,32.0,AdamW,0.0007584775206612,76.0,2.0,3.0,32,1,128.0,,,"CustomCNN | cl:3, fl1:32, fl2:128, fl3:32, ks:3, st:2, dl:1, du1:128, dr:0.5, opt:AdamW, lr:0.0007584775206612068, wd:2.1506269019910458e-05, bs:32",CustomCNN,False,hyperparameter_optimization,46.0,completed
51cb2fbfb4de45a3912393e29f5f2100,3,FAILED,2026-08-16 10:01:55.214000+00:00,2026-08-16 10:21:41.446000+00:00,,,,,,,,,,,,,,,,,,0.9906012415885924,,,,,,,1.161483883857727,,,,,,,,,,,,,,,,,,,,,,,,,,0.6068376302719116,,,,,,,,0.5170731544494629,,,,,,,,,,,,,0.5,3.0,0.0006692305450264,32.0,64.0,32.0,AdamW,0.0005283768596437,25.0,2.0,3.0,32,1,64.0,,,"CustomCNN | cl:3, fl1:32, fl2:64, fl3:32, ks:3, st:2, dl:1, du1:64, dr:0.5, opt:AdamW, lr:0.0005283768596437065, wd:0.0006692305450264039, bs:32",CustomCNN,False,hyperparameter_optimization,45.0,pruned
554d41e88783427795bdb6ba872ab627,3,FAILED,2026-08-16 09:55:11.265000+00:00,2026-08-16 10:01:52.991000+00:00,,,,,,,,,,,,,,,,,,1.455416560173035,,,,,,,1.311498999595642,,,,,,,,,,,,,,,,,,,,,,,,,,0.4120879173278808,,,,,,,,0.5121951103210449,,,,,,,,,,,,,0.5,3.0,,64.0,128.0,32.0,Adam,2.430835564450278e-05,8.0,2.0,3.0,16,1,128.0,,,"CustomCNN | cl:3, fl1:32, fl2:128, fl3:64, ks:3, st:2, dl:1, du1:128, dr:0.5, opt:Adam, lr:2.430835564450278e-05, bs:16",CustomCNN,False,hyperparameter_optimization,44.0,pruned
14304b3362304845a0db22a251aade06,3,FINISHED,2026-08-16 09:01:42.498000+00:00,2026-08-16 09:55:09.297000+00:00,,,,,,,,,,,,,,,,,,0.8071598410606384,,,,,0.6414634146341464,,0.8528329730033875,,,,,,,,,,,,,,,,0.6375866136519888,,,,,,,,,,0.6996337175369263,0.7472245046423843,,,0.6414634146341464,0.742979242979243,0.7417427045319804,,0.6512194871902466,,0.742979242979243,,,,0.6453725837302728,,,,,,0.8496103286743164,0.5,3.0,0.0001912207428988,32.0,128.0,32.0,AdamW,0.0007743702177407,61.0,2.0,3.0,32,1,128.0,,,"CustomCNN | cl:3, fl1:32, fl2:128, fl3:32, ks:3, st:2, dl:1, du1:128, dr:0.5, opt:AdamW, lr:0.0007743702177407214, wd:0.00019122074289889903, bs:32",CustomCNN,False,hyperparameter_optimization,43.0,completed
3076d23a99974ad3a840525ff04aaef7,3,FAILED,2026-08-16 08:17:17.430000+00:00,2026-08-16 09:01:40.364000+00:00,,,,,,,,,,,,,,,,,,0.8667505383491516,,,,,,,0.8730782866477966,,,,,,,,,,,,,,,,,,,,,,,,,,0.6752136945724487,,,,,,,,0.6268292665481567,,,,,,,,,,,,,0.5,3.0,0.0004665142637027,32.0,128.0,32.0,AdamW,0.0004881051567175,51.0,2.0,3.0,32,1,128.0,,,"CustomCNN | cl:3, fl1:32, fl2:128, fl3:32, ks:3, st:2, dl:1, du1:128, dr:0.5, opt:AdamW, lr:0.0004881051567175465, wd:0.0004665142637027704, bs:32",CustomCNN,False,hyperparameter_optimization,42.0,pruned
201e23026e6948c381cc6e70d6dc2333,3,FINISHED,2026-08-16 07:08:57.898000+00:00,2026-08-16 08:17:15.360000+00:00,,,,,,,,,,,,,,,,,,0.7990526556968689,,,,,0.6731707317073171,,0.8241738080978394,,,,,,,,,,,,,,,,0.6685784812869273,,,,,,,,,,0.6996337175369263,0.761139520190051,,,0.6731707317073171,0.7582417582417582,0.7568418044542864,,0.6585366129875183,,0.7582417582417582,,,,0.6755286791580349,,,,,,0.8219413161277771,0.5,3.0,0.0002947384835957,32.0,128.0,32.0,AdamW,0.0009849389834462,78.0,2.0,3.0,32,1,128.0,,,"CustomCNN | cl:3, fl1:32, fl2:128, fl3:32, ks:3, st:2, dl:1, du1:128, dr:0.5, opt:AdamW, lr:0.0009849389834462598, wd:0.0002947384835957604, bs:32",CustomCNN,False,hyperparameter_optimization,41.0,completed
994432a26e344298bdba49edf29b7234,3,FAILED,2026-08-16 06:47:29.232000+00:00,2026-08-16 07:08:55.883000+00:00,,,,,,,,,,,,,,,,,,0.9876492619514464,,,,,,,0.8895699977874756,,,,,,,,,,,,,,,,,,,,,,,,,,0.622710645198822,,,,,,,,0.6390243768692017,,,,,,,,,,,,,0.5,3.0,9.380394047191178e-06,32.0,128.0,16.0,AdamW,0.0007099986514382,40.0,2.0,3.0,32,2,128.0,32.0,,"CustomCNN | cl:3, fl1:16, fl2:128, fl3:32, ks:3, st:2, dl:2, du1:128, du2:32, dr:0.5, opt:AdamW, lr:0.0007099986514382645, wd:9.380394047191178e-06, bs:32",CustomCNN,False,hyperparameter_optimization,40.0,pruned
d5546f457bc743a287718e3320df662a,3,FAILED,2026-08-16 06:22:09.793000+00:00,2026-08-16 06:47:26.887000+00:00,,,,,,,,,,,,,,,,,,1.3363690376281738,,,,,,,1.559989094734192,,,,,,,,,,,,,,,,,,,,,,,,,,0.4890109896659851,,,,,,,,0.3365853726863861,,,,,,,,,,,,,0.4,5.0,,,128.0,128.0,Adam,0.0002242959475106,8.0,2.0,2.0,16,1,64.0,,,"CustomCNN | cl:2, fl1:128, fl2:128, ks:5, st:2, dl:1, du1:64, dr:0.4, opt:Adam, lr:0.00022429594751065504, bs:16",CustomCNN,False,hyperparameter_optimization,39.0,pruned
5c9ec344d6284aeda93371aca632d5cf,3,FAILED,2026-08-16 06:00:05.863000+00:00,2026-08-16 06:22:07.922000+00:00,,,,,,,,,,,,,,,,,,1.5205459594726562,,,,,,,1.451874852180481,,,,,,,,,,,,,,,,,,,,,,,,,,0.3827838897705078,,,,,,,,0.4195121824741363,,,,,,,,,,,,,0.4,3.0,2.958387441788873e-06,,,32.0,AdamW,0.0003620874236547,8.0,1.0,1.0,32,1,32.0,,,"CustomCNN | cl:1, fl1:32, ks:3, st:1, dl:1, du1:32, dr:0.4, opt:AdamW, lr:0.0003620874236547574, wd:2.958387441788873e-06, bs:32",CustomCNN,False,hyperparameter_optimization,38.0,pruned
0dbd4db5d16e4fb6bde68bf70a93fd15,3,FAILED,2026-08-16 05:53:27.821000+00:00,2026-08-16 06:00:04.031000+00:00,,,,,,,,,,,,,,,,,,1.702721118927002,,,,,,,1.540905475616455,,,,,,,,,,,,,,,,,,,,,,,,,,0.2625152766704559,,,,,,,,0.3707317113876343,,,,,,,,,,,,,0.5,5.0,,32.0,64.0,32.0,Adam,1.013867337538833e-05,8.0,2.0,3.0,16,2,128.0,128.0,,"CustomCNN | cl:3, fl1:32, fl2:64, fl3:32, ks:5, st:2, dl:2, du1:128, du2:128, dr:0.5, opt:Adam, lr:1.013867337538833e-05, bs:16",CustomCNN,False,hyperparameter_optimization,37.0,pruned
6d5b6bb48cd845b0aece3356fe79ca51,3,FAILED,2026-08-16 05:49:06.247000+00:00,2026-08-16 05:53:25.777000+00:00,,,,,,,,,,,,,,,,,,1.5727983713150024,,,,,,,1.5457051992416382,,,,,,,,,,,,,,,,,,,,,,,,,,0.4029304087162018,,,,,,,,0.4536585509777069,,,,,,,,,,,,,0.3,3.0,0.0009822351360752,16.0,128.0,16.0,AdamW,2.068772502796839e-05,8.0,2.0,3.0,32,1,128.0,,,"CustomCNN | cl:3, fl1:16, fl2:128, fl3:16, ks:3, st:2, dl:1, du1:128, dr:0.3, opt:AdamW, lr:2.068772502796839e-05, wd:0.0009822351360752823, bs:32",CustomCNN,False,hyperparameter_optimization,36.0,pruned
3a913bbcc7d54673b858b20beef2b56d,3,FAILED,2026-08-16 03:57:12.197000+00:00,2026-08-16 05:49:04.016000+00:00,,,,,,,,,,,,,,,,,,1.0804413557052612,,,,,,,1.0228257179260254,,,,,,,,,,,,,,,,,,,,,,,,,,0.5866910815238953,,,,,,,,0.5853658318519592,,,,,,,,,,,,,0.5,3.0,9.350182167344264e-05,128.0,32.0,32.0,AdamW,0.0006832480038254,25.0,1.0,3.0,32,1,128.0,,,"CustomCNN | cl:3, fl1:32, fl2:32, fl3:128, ks:3, st:1, dl:1, du1:128, dr:0.5, opt:AdamW, lr:0.0006832480038254971, wd:9.350182167344265e-05, bs:32",CustomCNN,False,hyperparameter_optimization,35.0,pruned
bad60c9d5d93437c824f74235a9cd9b5,3,FAILED,2026-08-16 03:31:43.467000+00:00,2026-08-16 03:57:10.057000+00:00,,,,,,,,,,,,,,,,,,1.4064136743545532,,,,,,,1.5134642124176023,,,,,,,,,,,,,,,,,,,,,,,,,,0.4297924339771271,,,,,,,,0.353658527135849,,,,,,,,,,,,,0.5,5.0,0.0002025320118988,32.0,128.0,128.0,AdamW,0.0004189542310549,8.0,2.0,3.0,32,2,128.0,32.0,,"CustomCNN | cl:3, fl1:128, fl2:128, fl3:32, ks:5, st:2, dl:2, du1:128, du2:32, dr:0.5, opt:AdamW, lr:0.0004189542310549296, wd:0.00020253201189887967, bs:32",CustomCNN,False,hyperparameter_optimization,34.0,pruned
6ab0a14a0a96497eb3afcc20aed03b3f,3,FAILED,2026-08-16 02:53:23.196000+00:00,2026-08-16 03:31:41.203000+00:00,,,,,,,,,,,,,,,,,,0.8223758935928345,,,,,,,0.8813645243644714,,,,,,,,,,,,,,,,,,,,,,,,,,0.6892551779747009,,,,,,,,0.6292682886123657,,,,,,,,,,,,,0.5,3.0,0.0005316797595872,32.0,128.0,32.0,AdamW,0.0006254010379228,44.0,2.0,3.0,32,1,128.0,,,"CustomCNN | cl:3, fl1:32, fl2:128, fl3:32, ks:3, st:2, dl:1, du1:128, dr:0.5, opt:AdamW, lr:0.000625401037922881, wd:0.0005316797595872918, bs:32",CustomCNN,False,hyperparameter_optimization,33.0,pruned
3f3bee22593f44c78c01fada5045d890,3,FINISHED,2026-08-16 01:56:24.881000+00:00,2026-08-16 02:53:21.059000+00:00,,,,,,,,,,,,,,,,,,0.7720374464988708,,,,,0.651219512195122,,0.8180476427078247,,,,,,,,,,,,,,,,0.6463143061392702,,,,,,,,,,0.7252747416496277,0.763505803098426,,,0.651219512195122,0.7631257631257631,0.7613594528912587,,0.6536585092544556,,0.7631257631257631,,,,0.650304015593197,,,,,,0.817324697971344,0.5,3.0,0.0004274934373883,32.0,128.0,32.0,AdamW,0.0007130956661474,65.0,2.0,3.0,32,1,128.0,,,"CustomCNN | cl:3, fl1:32, fl2:128, fl3:32, ks:3, st:2, dl:1, du1:128, dr:0.5, opt:AdamW, lr:0.000713095666147426, wd:0.0004274934373883079, bs:32",CustomCNN,False,hyperparameter_optimization,32.0,completed
b7edd32584694efa969dd74ac3945db6,3,FINISHED,2026-08-16 00:32:29.168000+00:00,2026-08-16 01:56:22.803000+00:00,,,,,,,,,,,,,,,,,,0.706347644329071,,,,,0.6658536585365854,,0.8090953826904297,,,,,,,,,,,,,,,,0.6614453150911896,,,,,,,,,,0.7429792284965515,0.7881548355879568,,,0.6658536585365854,0.7802197802197802,0.7808564002557301,,0.6682927012443542,,0.7802197802197802,,,,0.6651543100610532,,,,,,0.8058752417564392,0.5,3.0,0.0002776406288124,32.0,128.0,32.0,AdamW,0.000912298049846,96.0,2.0,3.0,32,1,128.0,,,"CustomCNN | cl:3, fl1:32, fl2:128, fl3:32, ks:3, st:2, dl:1, du1:128, dr:0.5, opt:AdamW, lr:0.0009122980498460825, wd:0.00027764062881246147, bs:32",CustomCNN,False,hyperparameter_optimization,31.0,completed
e11f516c80954bf796c60a4ec9e2b74e,3,FAILED,2026-08-16 00:26:45.702000+00:00,2026-08-16 00:32:27.109000+00:00,,,,,,,,,,,,,,,,,,1.4527523517608645,,,,,,,1.3976752758026123,,,,,,,,,,,,,,,,,,,,,,,,,,0.4383394420146942,,,,,,,,0.4000000059604645,,,,,,,,,,,,,0.3,3.0,0.0003673615564191,,,32.0,AdamW,0.0006632077855187,8.0,2.0,1.0,32,1,128.0,,,"CustomCNN | cl:1, fl1:32, ks:3, st:2, dl:1, du1:128, dr:0.3, opt:AdamW, lr:0.0006632077855187068, wd:0.00036736155641917297, bs:32",CustomCNN,False,hyperparameter_optimization,30.0,pruned
e6c1759eebf840f887d92d4c1b2700b6,3,FAILED,2026-08-16 00:20:24.689000+00:00,2026-08-16 00:26:43.969000+00:00,,,,,,,,,,,,,,,,,,2.0124659538269043,,,,,,,1.8506617546081543,,,,,,,,,,,,,,,,,,,,,,,,,,0.1752136796712875,,,,,,,,0.1365853697061538,,,,,,,,,,,,,0.5,5.0,6.86443318247699e-05,64.0,16.0,32.0,AdamW,1.1600692780068098e-05,8.0,2.0,3.0,32,2,32.0,32.0,,"CustomCNN | cl:3, fl1:32, fl2:16, fl3:64, ks:5, st:2, dl:2, du1:32, du2:32, dr:0.5, opt:AdamW, lr:1.1600692780068098e-05, wd:6.86443318247699e-05, bs:32",CustomCNN,False,hyperparameter_optimization,29.0,pruned
c06f92e3af1147bf8b1c73f070ec0443,3,FAILED,2026-08-16 00:08:41.840000+00:00,2026-08-16 00:20:22.428000+00:00,,,,,,,,,,,,,,,,,,1.4369112253189087,,,,,,,1.396310806274414,,,,,,,,,,,,,,,,,,,,,,,,,,0.4224664270877838,,,,,,,,0.4487804770469665,,,,,,,,,,,,,0.4,3.0,0.0008833324026012,,64.0,64.0,AdamW,0.0001324938174749,8.0,2.0,2.0,32,1,64.0,,,"CustomCNN | cl:2, fl1:64, fl2:64, ks:3, st:2, dl:1, du1:64, dr:0.4, opt:AdamW, lr:0.00013249381747497234, wd:0.000883332402601216, bs:32",CustomCNN,False,hyperparameter_optimization,28.0,pruned
fd9b92113de74cd690ca2d0ceb9b9fd6,3,FAILED,2026-08-15 23:46:11.431000+00:00,2026-08-16 00:08:39.841000+00:00,,,,,,,,,,,,,,,,,,1.0047531127929688,,,,,,,0.9156978130340576,,,,,,,,,,,,,,,,,,,,,,,,,,0.6135531067848206,,,,,,,,0.6219512224197388,,,,,,,,,,,,,0.5,3.0,9.103468739283908e-06,32.0,128.0,16.0,AdamW,0.0003228728065403,42.0,2.0,3.0,32,2,128.0,128.0,,"CustomCNN | cl:3, fl1:16, fl2:128, fl3:32, ks:3, st:2, dl:2, du1:128, du2:128, dr:0.5, opt:AdamW, lr:0.00032287280654031114, wd:9.103468739283908e-06, bs:32",CustomCNN,False,hyperparameter_optimization,27.0,pruned
4e95283737c64fcf91276c54b63f6093,3,FAILED,2026-08-15 23:19:36.036000+00:00,2026-08-15 23:46:09.215000+00:00,,,,,,,,,,,,,,,,,,1.375914454460144,,,,,,,1.7276474237442017,,,,,,,,,,,,,,,,,,,,,,,,,,0.4639804661273956,,,,,,,,0.3731707334518432,,,,,,,,,,,,,0.5,3.0,1.1319371449468047e-06,32.0,128.0,128.0,AdamW,0.0005827785956869,9.0,2.0,3.0,32,0,,,,"CustomCNN | cl:3, fl1:128, fl2:128, fl3:32, ks:3, st:2, dl:0, dr:0.5, opt:AdamW, lr:0.0005827785956869094, wd:1.1319371449468047e-06, bs:32",CustomCNN,False,hyperparameter_optimization,26.0,pruned
ecaf279cfe6d4e9fa207729019a7aa05,3,FINISHED,2026-08-15 22:20:04.720000+00:00,2026-08-15 23:19:34.017000+00:00,,,,,,,,,,,,,,,,,,0.774840235710144,,,,,0.6487804878048781,,0.8460687398910522,,,,,,,,,,,,,,,,0.6429891126087928,,,,,,,,,,0.7069597244262695,0.758618034742903,,,0.6487804878048781,0.7551892551892552,0.7540918844311081,,0.6512194871902466,,0.7551892551892552,,,,0.648741039631576,,,,,,0.8449840545654297,0.5,3.0,0.0003398385468687,32.0,128.0,32.0,AdamW,0.0009616652793197,68.0,2.0,3.0,32,1,128.0,,,"CustomCNN | cl:3, fl1:32, fl2:128, fl3:32, ks:3, st:2, dl:1, du1:128, dr:0.5, opt:AdamW, lr:0.0009616652793197583, wd:0.00033983854686877403, bs:32",CustomCNN,False,hyperparameter_optimization,25.0,completed
24dd1635e3824ea885aae1832a2e1877,3,FINISHED,2026-08-15 21:33:18.332000+00:00,2026-08-15 22:20:02.508000+00:00,,,,,,,,,,,,,,,,,,0.8449037671089172,,,,,0.6268292682926829,,0.869121253490448,,,,,,,,,,,,,,,,0.6206233920711711,,,,,,,,,,0.6886447072029114,0.741581821236556,,,0.6268292682926829,0.7393162393162394,0.737416431029587,,0.6341463327407837,,0.7393162393162394,,,,0.6199081298666899,,,,,,0.8679617047309875,0.5,3.0,5.803017293310551e-05,128.0,128.0,32.0,AdamW,0.0002789927275588,53.0,2.0,3.0,32,1,128.0,,,"CustomCNN | cl:3, fl1:32, fl2:128, fl3:128, ks:3, st:2, dl:1, du1:128, dr:0.5, opt:AdamW, lr:0.0002789927275588147, wd:5.803017293310551e-05, bs:32",CustomCNN,False,hyperparameter_optimization,24.0,completed
a108f301af544ec493244df72e485c98,3,FINISHED,2026-08-15 20:31:10.721000+00:00,2026-08-15 21:33:16.143000+00:00,,,,,,,,,,,,,,,,,,0.8398188352584839,,,,,0.6341463414634146,,0.8654555678367615,,,,,,,,,,,,,,,,0.6314129731208293,,,,,,,,,,0.6898657083511353,0.7476177354516257,,,0.6341463414634146,0.7448107448107448,0.7443003864037829,,0.6463414430618286,,0.7448107448107448,,,,0.6335033557447012,,,,,,0.8649963140487671,0.5,3.0,8.715999687132485e-06,32.0,128.0,32.0,AdamW,0.0006096837732871,71.0,2.0,3.0,32,1,128.0,,,"CustomCNN | cl:3, fl1:32, fl2:128, fl3:32, ks:3, st:2, dl:1, du1:128, dr:0.5, opt:AdamW, lr:0.0006096837732871549, wd:8.715999687132485e-06, bs:32",CustomCNN,False,hyperparameter_optimization,23.0,completed
ee2cbd344d6c42f19372e024d90710ba,3,FAILED,2026-08-15 19:36:22.033000+00:00,2026-08-15 20:31:08.682000+00:00,,,,,,,,,,,,,,,,,,0.8769301176071167,,,,,,,0.9003862142562866,,,,,,,,,,,,,,,,,,,,,,,,,,0.6752136945724487,,,,,,,,0.6146341562271118,,,,,,,,,,,,,0.5,3.0,2.25016805930473e-05,32.0,128.0,32.0,AdamW,0.0004679144815734,63.0,2.0,3.0,32,1,128.0,,,"CustomCNN | cl:3, fl1:32, fl2:128, fl3:32, ks:3, st:2, dl:1, du1:128, dr:0.5, opt:AdamW, lr:0.0004679144815734239, wd:2.25016805930473e-05, bs:32",CustomCNN,False,hyperparameter_optimization,22.0,pruned
919dfe871d064ca6a0fc3dc2449de380,3,FINISHED,2026-08-15 18:22:06.192000+00:00,2026-08-15 19:36:20.037000+00:00,,,,,,,,,,,,,,,,,,0.7683808207511902,,,,,0.6585365853658537,,0.8442763090133667,,,,,,,,,,,,,,,,0.6543231866957182,,,,,,,,,,0.7161172032356262,0.7627437569289957,,,0.6585365853658537,0.7582417582417582,0.7581831250204601,,0.6512194871902466,,0.7582417582417582,,,,0.6556744336965983,,,,,,0.8418990969657898,0.5,3.0,1.2663505803671305e-06,32.0,128.0,32.0,AdamW,0.0008567010651304,85.0,2.0,3.0,32,1,128.0,,,"CustomCNN | cl:3, fl1:32, fl2:128, fl3:32, ks:3, st:2, dl:1, du1:128, dr:0.5, opt:AdamW, lr:0.0008567010651304592, wd:1.2663505803671305e-06, bs:32",CustomCNN,False,hyperparameter_optimization,21.0,completed
953dc8daf7e248d38cc792e456ee2df7,3,FAILED,2026-08-15 18:09:15.626000+00:00,2026-08-15 18:22:04.132000+00:00,,,,,,,,,,,,,,,,,,1.300654411315918,,,,,,,1.2358512878417969,,,,,,,,,,,,,,,,,,,,,,,,,,0.4829059839248657,,,,,,,,0.4780487716197967,,,,,,,,,,,,,0.4,3.0,0.000225676547591,,32.0,32.0,AdamW,0.0009715144959381,17.0,2.0,2.0,32,1,32.0,,,"CustomCNN | cl:2, fl1:32, fl2:32, ks:3, st:2, dl:1, du1:32, dr:0.4, opt:AdamW, lr:0.0009715144959381608, wd:0.00022567654759106772, bs:32",CustomCNN,False,hyperparameter_optimization,20.0,pruned
e845ae80bd0b4fc0b6bee17f2b3d0f50,3,FAILED,2026-08-15 17:48:25.146000+00:00,2026-08-15 18:09:13.605000+00:00,,,,,,,,,,,,,,,,,,1.1968748569488523,,,,,,,1.0892698764801023,,,,,,,,,,,,,,,,,,,,,,,,,,0.5152625441551208,,,,,,,,0.5731707215309143,,,,,,,,,,,,,0.5,3.0,0.0005724597529605,64.0,16.0,32.0,AdamW,0.0004317155377839,28.0,2.0,3.0,32,0,,,,"CustomCNN | cl:3, fl1:32, fl2:16, fl3:64, ks:3, st:2, dl:0, dr:0.5, opt:AdamW, lr:0.0004317155377839001, wd:0.0005724597529605154, bs:32",CustomCNN,False,hyperparameter_optimization,19.0,pruned
714e0bfb171942cf9eb775c165cd402d,3,FAILED,2026-08-15 17:35:57.141000+00:00,2026-08-15 17:48:23.110000+00:00,,,,,,,,,,,,,,,,,,1.476966381072998,,,,,,,1.3825888633728027,,,,,,,,,,,,,,,,,,,,,,,,,,0.4041514098644256,,,,,,,,0.495121955871582,,,,,,,,,,,,,0.5,3.0,4.514597634492008e-05,16.0,128.0,64.0,AdamW,8.056533929845486e-05,8.0,2.0,3.0,32,1,128.0,,,"CustomCNN | cl:3, fl1:64, fl2:128, fl3:16, ks:3, st:2, dl:1, du1:128, dr:0.5, opt:AdamW, lr:8.056533929845486e-05, wd:4.514597634492008e-05, bs:32",CustomCNN,False,hyperparameter_optimization,18.0,pruned
9976a3007a93438eb957ffdd43a11ace,3,FAILED,2026-08-15 17:25:33.919000+00:00,2026-08-15 17:35:55.058000+00:00,,,,,,,,,,,,,,,,,,1.457349181175232,,,,,,,1.376356601715088,,,,,,,,,,,,,,,,,,,,,,,,,,0.4395604431629181,,,,,,,,0.4707317054271698,,,,,,,,,,,,,0.5,3.0,0.0001460030200294,,128.0,32.0,AdamW,0.0002653076539318,12.0,2.0,2.0,32,0,,,,"CustomCNN | cl:2, fl1:32, fl2:128, ks:3, st:2, dl:0, dr:0.5, opt:AdamW, lr:0.0002653076539318496, wd:0.00014600302002944335, bs:32",CustomCNN,False,hyperparameter_optimization,17.0,pruned
17f248d279dd4b1da8aa67e91155aca9,3,FINISHED,2026-08-15 16:21:49.061000+00:00,2026-08-15 17:25:32.040000+00:00,,,,,,,,,,,,,,,,,,0.8928624391555786,,,,,0.6609756097560976,,0.8956524133682251,,,,,,,,,,,,,,,,0.6558060222207487,,,,,,,,,,0.6660561561584473,0.7294601837278938,,,0.6609756097560976,0.7258852258852259,0.7238192474583036,,0.6463414430618286,,0.7258852258852259,,,,0.657316258013971,,,,,,0.8939483165740967,0.5,3.0,0.0001286705178578,32.0,128.0,32.0,AdamW,0.0001929579230017,73.0,2.0,3.0,32,1,128.0,,,"CustomCNN | cl:3, fl1:32, fl2:128, fl3:32, ks:3, st:2, dl:1, du1:128, dr:0.5, opt:AdamW, lr:0.00019295792300171068, wd:0.00012867051785780026, bs:32",CustomCNN,False,hyperparameter_optimization,16.0,completed
536437a802d04ac7a41eb6834d7293e8,3,FAILED,2026-08-15 15:53:35.042000+00:00,2026-08-15 16:21:47.089000+00:00,,,,,,,,,,,,,,,,,,1.0763609409332275,,,,,,,1.041568160057068,,,,,,,,,,,,,,,,,,,,,,,,,,0.5885226130485535,,,,,,,,0.5585365891456604,,,,,,,,,,,,,0.5,3.0,0.0001332415944435,32.0,16.0,32.0,AdamW,0.0002022339350157,38.0,2.0,3.0,32,1,128.0,,,"CustomCNN | cl:3, fl1:32, fl2:16, fl3:32, ks:3, st:2, dl:1, du1:128, dr:0.5, opt:AdamW, lr:0.00020223393501578684, wd:0.00013324159444351368, bs:32",CustomCNN,False,hyperparameter_optimization,15.0,pruned
c5ff740265be47dd8a8434f981d66530,3,FAILED,2026-08-15 15:42:12.578000+00:00,2026-08-15 15:53:32.838000+00:00,,,,,,,,,,,,,,,,,,1.4673985242843628,,,,,,,1.457313895225525,,,,,,,,,,,,,,,,,,,,,,,,,,0.3974359035491943,,,,,,,,0.3414634168148041,,,,,,,,,,,,,0.5,3.0,0.0003869645866328,16.0,32.0,64.0,AdamW,0.0009754684611903,8.0,2.0,3.0,32,0,,,,"CustomCNN | cl:3, fl1:64, fl2:32, fl3:16, ks:3, st:2, dl:0, dr:0.5, opt:AdamW, lr:0.0009754684611903029, wd:0.0003869645866328984, bs:32",CustomCNN,False,hyperparameter_optimization,14.0,pruned
6e358b6b790e4fceab3e0d6bc61b58d8,3,FINISHED,2026-08-15 14:34:02.652000+00:00,2026-08-15 15:42:10.466000+00:00,,,,,,,,,,,,,,,,,,0.7799655795097351,,,,,0.6609756097560976,,0.8248192667961121,,,,,,,,,,,,,,,,0.6560470058302279,,,,,,,,,,0.7069597244262695,0.7719243297353054,,,0.6609756097560976,0.7680097680097681,0.7675691502460456,,0.6560975313186646,,0.7680097680097681,,,,0.6616649675127042,,,,,,0.8219095468521118,0.5,3.0,0.0003690468367735,32.0,128.0,32.0,AdamW,0.0008291554745098,78.0,2.0,3.0,32,1,128.0,,,"CustomCNN | cl:3, fl1:32, fl2:128, fl3:32, ks:3, st:2, dl:1, du1:128, dr:0.5, opt:AdamW, lr:0.0008291554745098488, wd:0.0003690468367735953, bs:32",CustomCNN,False,hyperparameter_optimization,13.0,completed
6bbf8ac0c0234bfd9a9a79cb4a47df55,3,FINISHED,2026-08-15 13:25:57.183000+00:00,2026-08-15 14:34:00.579000+00:00,,,,,,,,,,,,,,,,,,0.8279680609703064,,,,,0.651219512195122,,0.8654563426971436,,,,,,,,,,,,,,,,0.6479561571507094,,,,,,,,,,0.6898657083511353,0.743784911631757,,,0.651219512195122,0.742979242979243,0.7409248764638018,,0.6560975313186646,,0.742979242979243,,,,0.6479722601651245,,,,,,0.8636783957481384,0.5,3.0,1.0317268476159013e-06,32.0,128.0,32.0,AdamW,0.0008444089174111,78.0,2.0,3.0,32,1,128.0,,,"CustomCNN | cl:3, fl1:32, fl2:128, fl3:32, ks:3, st:2, dl:1, du1:128, dr:0.5, opt:AdamW, lr:0.0008444089174111167, wd:1.0317268476159013e-06, bs:32",CustomCNN,False,hyperparameter_optimization,12.0,completed
9154d48c4f544920acfce9d190737d42,3,FINISHED,2026-08-15 12:29:16.888000+00:00,2026-08-15 13:25:55.055000+00:00,,,,,,,,,,,,,,,,,,0.8136007189750671,,,,,0.6536585365853659,,0.8564051985740662,,,,,,,,,,,,,,,,0.6470953310608403,,,,,,,,,,0.6990231871604919,0.7277843071984512,,,0.6536585365853659,0.7252747252747253,0.7232391539679369,,0.6536585092544556,,0.7252747252747253,,,,0.6500467507175061,,,,,,0.8558493852615356,0.5,3.0,0.0002699400552674,32.0,128.0,32.0,AdamW,0.0009129403330183,65.0,2.0,3.0,32,1,128.0,,,"CustomCNN | cl:3, fl1:32, fl2:128, fl3:32, ks:3, st:2, dl:1, du1:128, dr:0.5, opt:AdamW, lr:0.0009129403330183016, wd:0.0002699400552674412, bs:32",CustomCNN,False,hyperparameter_optimization,11.0,completed
c4ffe3a0a79b47fcafc86b5c8d03f694,3,FAILED,2026-08-15 12:17:54.288000+00:00,2026-08-15 12:29:14.756000+00:00,,,,,,,,,,,,,,,,,,2.0228607654571533,,,,,,,1.6034481525421145,,,,,,,,,,,,,,,,,,,,,,,,,,0.2600732743740082,,,,,,,,0.3317073285579681,,,,,,,,,,,,,0.5,3.0,0.0007906619048808,128.0,32.0,64.0,AdamW,1.0343084701920198e-05,8.0,2.0,3.0,32,0,,,,"CustomCNN | cl:3, fl1:64, fl2:32, fl3:128, ks:3, st:2, dl:0, dr:0.5, opt:AdamW, lr:1.0343084701920198e-05, wd:0.0007906619048808754, bs:32",CustomCNN,False,hyperparameter_optimization,10.0,pruned
ce1f40948ac24598ba427f05be23f93e,3,FAILED,2026-08-15 11:41:58.238000+00:00,2026-08-15 12:17:52.249000+00:00,,,,,,,,,,,,,,,,,,1.5983678102493286,,,,,,,1.561919927597046,,,,,,,,,,,,,,,,,,,,,,,,,,0.3479853570461273,,,,,,,,0.4097560942173004,,,,,,,,,,,,,0.4,3.0,,,64.0,32.0,Adam,1.9233403454841256e-05,8.0,1.0,2.0,16,1,128.0,,,"CustomCNN | cl:2, fl1:32, fl2:64, ks:3, st:1, dl:1, du1:128, dr:0.4, opt:Adam, lr:1.9233403454841256e-05, bs:16",CustomCNN,False,hyperparameter_optimization,9.0,pruned
e6d5b47be4af49f2a46f1e1f52edf207,3,FAILED,2026-08-15 09:22:54.104000+00:00,2026-08-15 11:41:56.507000+00:00,,,,,,,,,,,,,,,,,,1.1007356643676758,,,,,,,1.033860683441162,,,,,,,,,,,,,,,,,,,,,,,,,,0.5616605877876282,,,,,,,,0.5756097435951233,,,,,,,,,,,,,0.4,5.0,,,128.0,128.0,Adam,0.0008519848234065,44.0,2.0,2.0,16,1,64.0,,,"CustomCNN | cl:2, fl1:128, fl2:128, ks:5, st:2, dl:1, du1:64, dr:0.4, opt:Adam, lr:0.000851984823406573, bs:16",CustomCNN,False,hyperparameter_optimization,8.0,pruned
8321e009c2ed43bcbef98e41674b6b21,3,FINISHED,2026-08-15 08:17:47.168000+00:00,2026-08-15 09:22:52.295000+00:00,,,,,,,,,,,,,,,,,,0.980574071407318,,,,,0.624390243902439,,0.9688461422920228,,,,,,,,,,,,,,,,0.613319416591634,,,,,,,,,,0.6312576532363892,0.6983488420670932,,,0.624390243902439,0.6965811965811965,0.6918689705996056,,0.6243902444839478,,0.6965811965811965,,,,0.6177033837400503,,,,,,0.9682297110557556,0.4,3.0,,32.0,128.0,32.0,Adam,5.83746735932849e-05,78.0,2.0,3.0,16,1,128.0,,,"CustomCNN | cl:3, fl1:32, fl2:128, fl3:32, ks:3, st:2, dl:1, du1:128, dr:0.4, opt:Adam, lr:5.83746735932849e-05, bs:16",CustomCNN,False,hyperparameter_optimization,7.0,completed
a8a3bdb39a174e94afa65e316bd2eda7,3,FINISHED,2026-08-15 05:39:06.610000+00:00,2026-08-15 08:17:45.151000+00:00,,,,,,,,,,,,,,,,,,1.37333881855011,,,,,0.5170731707317073,,1.2253137826919556,,,,,,,,,,,,,,,,0.494342919299106,,,,,,,,,,0.4645909667015075,0.4977538990356205,,,0.5170731707317073,0.5177045177045178,0.4979704237972122,,0.5268292427062988,,0.5177045177045178,,,,0.5052088904893033,,,,,,1.213539958000183,0.4,5.0,,,16.0,16.0,Adam,0.0009789616339668,61.0,1.0,2.0,16,0,,,,"CustomCNN | cl:2, fl1:16, fl2:16, ks:5, st:1, dl:0, dr:0.4, opt:Adam, lr:0.0009789616339668918, bs:16",CustomCNN,False,hyperparameter_optimization,6.0,completed
c3275d49bc4b420bb686651e2ca954a6,3,FINISHED,2026-08-15 05:10:34.793000+00:00,2026-08-15 05:39:04.780000+00:00,,,,,,,,,,,,,,,,,,1.3691651821136477,,,,,0.526829268292683,,1.2249698638916016,,,,,,,,,,,,,,,,0.5090503405036009,,,,,,,,,,0.449938952922821,0.5296415964596258,,,0.526829268292683,0.5421245421245421,0.53171117319629,,0.5414634346961975,,0.5421245421245421,,,,0.5117518418794025,,,,,,1.223557949066162,0.5,5.0,,,64.0,16.0,Adam,9.967678007079282e-05,62.0,2.0,2.0,16,1,32.0,,,"CustomCNN | cl:2, fl1:16, fl2:64, ks:5, st:2, dl:1, du1:32, dr:0.5, opt:Adam, lr:9.967678007079282e-05, bs:16",CustomCNN,False,hyperparameter_optimization,5.0,completed
e2ff2bc086934744ba7beae9426438ad,3,FINISHED,2026-08-14 19:57:06.130000+00:00,2026-08-15 05:10:32.924000+00:00,,,,,,,,,,,,,,,,,,1.0962525606155396,,,,,0.5902439024390244,,0.9656778573989868,,,,,,,,,,,,,,,,0.5827828478053512,,,,,,,,,,0.5897436141967773,0.640788055531131,,,0.5902439024390244,0.6428571428571429,0.6376396144918961,,0.5902438759803772,,0.6428571428571429,,,,0.5878265819766297,,,,,,0.9646047949790956,0.5,3.0,2.832551564039751e-06,32.0,128.0,32.0,AdamW,0.0005919827219946,86.0,1.0,3.0,32,2,128.0,64.0,,"CustomCNN | cl:3, fl1:32, fl2:128, fl3:32, ks:3, st:1, dl:2, du1:128, du2:64, dr:0.5, opt:AdamW, lr:0.000591982721994638, wd:2.832551564039751e-06, bs:32",CustomCNN,False,hyperparameter_optimization,4.0,completed
87f2f876a3ef445d940735b6319799ad,3,FINISHED,2026-08-14 10:09:28.656000+00:00,2026-08-14 19:57:03.865000+00:00,,,,,,,,,,,,,,,,,,1.4604496955871582,,,,,0.4926829268292683,,1.3107411861419678,,,,,,,,,,,,,,,,0.465678022161041,,,,,,,,,,0.4163614213466644,0.4652664688379673,,,0.4926829268292683,0.4768009768009768,0.4436719198938563,,0.4707317054271698,,0.4768009768009768,,,,0.513805431125122,,,,,,1.3017663955688477,0.3,3.0,,,,128.0,Adam,5.9279057383810905e-05,55.0,1.0,1.0,16,2,64.0,64.0,,"CustomCNN | cl:1, fl1:128, ks:3, st:1, dl:2, du1:64, du2:64, dr:0.3, opt:Adam, lr:5.9279057383810905e-05, bs:16",CustomCNN,False,hyperparameter_optimization,3.0,completed
c835a5b0bb3244fa844ba0a2a4a54cdc,3,FINISHED,2026-08-14 09:03:16.510000+00:00,2026-08-14 10:09:26.858000+00:00,,,,,,,,,,,,,,,,,,1.5592542886734009,,,,,0.424390243902439,,1.445827603340149,,,,,,,,,,,,,,,,0.3372507993286863,,,,,,,,,,0.3760683834552765,0.402360456862671,,,0.424390243902439,0.4023199023199023,0.3273600704816437,,0.4024390280246734,,0.4023199023199023,,,,0.3663555623262565,,,,,,1.4269803762435913,0.4,5.0,2.6781227936710606e-05,,,16.0,AdamW,6.878450923484218e-05,39.0,1.0,1.0,32,2,64.0,64.0,,"CustomCNN | cl:1, fl1:16, ks:5, st:1, dl:2, du1:64, du2:64, dr:0.4, opt:AdamW, lr:6.878450923484218e-05, wd:2.6781227936710606e-05, bs:32",CustomCNN,False,hyperparameter_optimization,2.0,completed
791014196d624aa4ba3392fc6637a4bc,3,FINISHED,2026-08-12 22:00:06.008000+00:00,2026-08-14 09:03:14.667000+00:00,,,,,,,,,,,,,,,,,,1.0869994163513184,,,,,0.6073170731707317,,0.9822989106178284,,,,,,,,,,,,,,,,0.5957387867954529,,,,,,,,,,0.5866910815238953,0.6650432855877741,,,0.6073170731707317,0.6672771672771672,0.6586102873565988,,0.6073170900344849,,0.6672771672771672,,,,0.6043783564238004,,,,,,0.9814136028289796,0.3,5.0,4.487028920282427e-06,64.0,128.0,128.0,AdamW,0.0004134244120858,100.0,1.0,3.0,32,2,32.0,64.0,,"CustomCNN | cl:3, fl1:128, fl2:128, fl3:64, ks:5, st:1, dl:2, du1:32, du2:64, dr:0.3, opt:AdamW, lr:0.0004134244120858096, wd:4.487028920282427e-06, bs:32",CustomCNN,False,hyperparameter_optimization,1.0,completed
56c4c4a4309e4f44a74a0c5d6cc69256,3,FINISHED,2026-08-12 20:41:25.114000+00:00,2026-08-12 22:00:03.538000+00:00,,,,,,,,,,,,,,,,,,1.1528120040893557,,,,,0.5707317073170731,,1.0027996301651,,,,,,,,,,,,,,,,0.5565981999545027,,,,,,,,,,0.5402930378913879,0.6116357829761028,,,0.5707317073170731,0.6251526251526252,0.6123316328826617,,0.5707316994667053,,0.6251526251526252,,,,0.560351183220613,,,,,,1.0020595788955688,0.4,5.0,,,64.0,32.0,Adam,0.0003801203282728,97.0,2.0,2.0,16,2,128.0,64.0,,"CustomCNN | cl:2, fl1:32, fl2:64, ks:5, st:2, dl:2, du1:128, du2:64, dr:0.4, opt:Adam, lr:0.0003801203282728584, bs:16",CustomCNN,False,hyperparameter_optimization,0.0,completed
0b88168a101c4e27b61a5b87acf341cf,2,RUNNING,2026-08-11 13:35:35.916000+00:00,,,,,,,,,,,,,,,,,,,1.2911840677261353,,,,,,,1.1958799362182615,,,,,,,,,,,,,,,,,,,,,,,,,,0.4865689873695373,,,,,,,,0.5170731544494629,,,,,,,,,,,,,0.3,5.0,0.0003422289034772,,128.0,64.0,AdamW,1.7032337075028526e-05,45.0,1.0,2.0,16,1,64.0,,,"CustomCNN | cl:2, fl1:64, fl2:128, ks:5, st:1, dl:1, du1:64, dr:0.3, opt:AdamW, lr:1.7032337075028526e-05, wd:0.000342228903477272, bs:16",CustomCNN,False,hyperparameter_optimization,8.0,
733532903e17478c91fa2d5e4ec7f35b,2,FINISHED,2026-08-11 12:14:41.231000+00:00,2026-08-11 13:35:34.049000+00:00,,,,,,,,,,,,,,,,,,1.1355416774749756,,,,,0.5926829268292683,,1.0022108554840088,,,,,,,,,,,,,,,,0.5775350154089449,,,,,,,,,,0.5586080551147461,0.6584625794454936,,,0.5926829268292683,0.6623931623931624,0.6505207301412897,,0.5951219797134399,,0.6623931623931624,,,,0.5963738223499129,,,,,,0.9966909289360046,0.5,3.0,,64.0,64.0,32.0,Adam,0.0001730515555425,77.0,3.0,3.0,32,3,64.0,128.0,64.0,"CustomCNN | cl:3, fl1:32, fl2:64, fl3:64, ks:3, st:3, dl:3, du1:64, du2:128, du3:64, dr:0.5, opt:Adam, lr:0.000173051555542567, bs:32",CustomCNN,False,hyperparameter_optimization,7.0,completed
d50f52e22bf84f328c02d62d95d70646,2,FINISHED,2026-08-11 10:06:51.753000+00:00,2026-08-11 12:14:38.942000+00:00,,,,,,,,,,,,,,,,,,1.0565005540847778,,,,,0.6195121951219512,,0.982596218585968,,,,,,,,,,,,,,,,0.6073784706603534,,,,,,,,,,0.608669102191925,0.7234063237033314,,,0.6195121951219512,0.7307692307692307,0.7236259353500566,,0.6243902444839478,,0.7307692307692307,,,,0.6047730587117475,,,,,,0.9775822162628174,0.4,5.0,,64.0,16.0,64.0,Adam,0.0001151888277277,64.0,3.0,3.0,16,2,32.0,64.0,,"CustomCNN | cl:3, fl1:64, fl2:16, fl3:64, ks:5, st:3, dl:2, du1:32, du2:64, dr:0.4, opt:Adam, lr:0.00011518882772773016, bs:16",CustomCNN,False,hyperparameter_optimization,6.0,completed
5594a8c9046d4eddb56ca0cc6c57a72f,2,FINISHED,2026-08-11 06:18:55.896000+00:00,2026-08-11 10:06:49.751000+00:00,,,,,,,,,,,,,,,,,,1.5679278373718262,,,,,0.4195121951219512,,1.5373680591583252,,,,,,,,,,,,,,,,0.4048100875190624,,,,,,,,,,0.3498168587684631,0.4317572211544264,,,0.4195121951219512,0.4334554334554334,0.4101296598169819,,0.4195121824741363,,0.4334554334554334,,,,0.4351458264617878,,,,,,1.5369428396224976,0.5,5.0,0.0028380303701624,,16.0,32.0,AdamW,1.0872467362475342e-05,91.0,2.0,2.0,32,1,32.0,,,"CustomCNN | cl:2, fl1:32, fl2:16, ks:5, st:2, dl:1, du1:32, dr:0.5, opt:AdamW, lr:1.0872467362475342e-05, wd:0.0028380303701624632, bs:32",CustomCNN,False,hyperparameter_optimization,5.0,completed
38d908893fbd43cca7880ce619c5d195,2,FINISHED,2026-08-10 17:04:26.873000+00:00,2026-08-11 06:18:53.719000+00:00,,,,,,,,,,,,,,,,,,1.262014627456665,,,,,0.5536585365853659,,1.093330144882202,,,,,,,,,,,,,,,,0.5373892209717336,,,,,,,,,,0.5018315315246582,0.5681547642099025,,,0.5536585365853659,0.5757020757020757,0.5640404114880609,,0.5536585450172424,,0.5757020757020757,,,,0.5372314461096418,,,,,,1.090018391609192,0.4,3.0,,,128.0,16.0,Adam,0.0004046396838859,62.0,1.0,2.0,32,3,64.0,64.0,64.0,"CustomCNN | cl:2, fl1:16, fl2:128, ks:3, st:1, dl:3, du1:64, du2:64, du3:64, dr:0.4, opt:Adam, lr:0.0004046396838859304, bs:32",CustomCNN,False,hyperparameter_optimization,4.0,completed
576a917aafd242e7b511b0fc88afd08f,2,FINISHED,2026-08-10 10:35:02.562000+00:00,2026-08-10 17:04:24.764000+00:00,,,,,,,,,,,,,,,,,,1.3720072507858276,,,,,0.5195121951219512,,1.2440687417984009,,,,,,,,,,,,,,,,0.5042071045667691,,,,,,,,,,0.4523809552192688,0.4694234266918715,,,0.5195121951219512,0.4932844932844933,0.4704976944805217,,0.5146341323852539,,0.4932844932844933,,,,0.508294293245867,,,,,,1.2396013736724854,0.3,3.0,,,,32.0,Adam,0.0002085983127094,48.0,1.0,1.0,32,2,128.0,64.0,,"CustomCNN | cl:1, fl1:32, ks:3, st:1, dl:2, du1:128, du2:64, dr:0.3, opt:Adam, lr:0.00020859831270948274, bs:32",CustomCNN,False,hyperparameter_optimization,3.0,completed
9b58de3998994243a2e2d98fb49b1e60,2,FINISHED,2026-08-10 06:49:05.642000+00:00,2026-08-10 10:35:00.907000+00:00,,,,,,,,,,,,,,,,,,1.8197168111801147,,,,,0.2804878048780488,,1.7639216184616089,,,,,,,,,,,,,,,,0.1769196581097714,,,,,,,,,,0.1752136796712875,0.1630086767306721,,,0.2804878048780488,0.2191697191697191,0.1229669443920409,,0.2853658497333526,,0.2191697191697191,,,,0.1387277814667874,,,,,,1.7638431787490845,0.5,3.0,,,,16.0,Adam,1.0779572987887672e-05,53.0,1.0,1.0,32,3,32.0,64.0,128.0,"CustomCNN | cl:1, fl1:16, ks:3, st:1, dl:3, du1:32, du2:64, du3:128, dr:0.5, opt:Adam, lr:1.0779572987887673e-05, bs:32",CustomCNN,False,hyperparameter_optimization,2.0,completed
f3db756275cd4fd08c95227144522396,2,FINISHED,2026-08-10 05:13:26.270000+00:00,2026-08-10 06:49:03.405000+00:00,,,,,,,,,,,,,,,,,,1.1971778869628906,,,,,0.5609756097560976,,1.0618302822113037,,,,,,,,,,,,,,,,0.5455502376515183,,,,,,,,,,0.5109890103340149,0.5688505268716039,,,0.5609756097560976,0.5775335775335775,0.5630291219515342,,0.5609756112098694,,0.5775335775335775,,,,0.5631052667206959,,,,,,1.0599427223205566,0.5,5.0,,,64.0,32.0,Adam,0.0007923381888158,89.0,3.0,2.0,32,3,128.0,64.0,64.0,"CustomCNN | cl:2, fl1:32, fl2:64, ks:5, st:3, dl:3, du1:128, du2:64, du3:64, dr:0.5, opt:Adam, lr:0.0007923381888158849, bs:32",CustomCNN,False,hyperparameter_optimization,1.0,completed
b6b45b4091a54443822930828d98703e,2,RUNNING,2026-08-10 04:56:37.116000+00:00,,,,,,,,,,,,,,,,,,,1.747955322265625,,,,,,,2.4190304279327397,,,,,,,,,,,,,,,,,,,,,,,,,,0.2545787692070007,,,,,,,,0.1365853697061538,,,,,,,,,,,,,0.5,5.0,,,64.0,32.0,Adam,0.0007923381888158,2.0,3.0,2.0,32,3,128.0,64.0,64.0,"CustomCNN | cl:2, fl1:32, fl2:64, ks:5, st:3, dl:3, du1:128, du2:64, du3:64, dr:0.5, opt:Adam, lr:0.0007923381888158849, bs:32",CustomCNN,False,hyperparameter_optimization,0.0,
ada5dc1c6a2b47cf96f7d0ac49955371,2,FINISHED,2026-08-07 03:14:29.038000+00:00,2026-08-07 04:18:23.486000+00:00,,,,,,,,,,,,,,,,,,0.5010305643081665,,,,,0.6536585365853659,,0.8206561803817749,,,,,,,,,,,,,,,,0.6500421423406172,,,,,,,,,,0.7960928082466125,0.819419689149043,,,0.6536585365853659,0.815018315018315,0.8125618933386791,,0.6658536791801453,,0.815018315018315,,,,0.6523475686228276,,,,,,0.7910137176513672,0.5,,1.564559898980861e-06,,,,AdamW,0.0006515854474111,30.0,,,16,2,512.0,512.0,,"InceptionResNetV2 | dl:2, du1:512, du2:512, dr:0.5, opt:AdamW, lr:0.0006515854474111647, wd:1.564559898980861e-06, bs:16",InceptionResNetV2,True,hyperparameter_optimization,103.0,completed
06801b8b298e4ce991eafd2bacac2924,2,FAILED,2026-08-07 02:58:31.140000+00:00,2026-08-07 03:14:27.716000+00:00,,,,,,,,,,,,,,,,,,0.9923325181007384,,,,,,,0.9844300150871276,,,,,,,,,,,,,,,,,,,,,,,,,,0.5976800918579102,,,,,,,,0.5804877877235413,,,,,,,,,,,,,0.5,,8.981751997980204e-06,,,,AdamW,0.0008553461007812,8.0,,,16,2,512.0,64.0,,"InceptionResNetV2 | dl:2, du1:512, du2:64, dr:0.5, opt:AdamW, lr:0.000855346100781213, wd:8.981751997980204e-06, bs:16",InceptionResNetV2,True,hyperparameter_optimization,102.0,pruned
9952495f4619461c8c68661203c4553c,2,FINISHED,2026-08-07 01:58:30.929000+00:00,2026-08-07 02:58:29.782000+00:00,,,,,,,,,,,,,,,,,,0.6078634262084961,,,,,0.6390243902439025,,0.8114741444587708,,,,,,,,,,,,,,,,0.6368031813026676,,,,,,,,,,0.781440794467926,0.7944682542960425,,,0.6390243902439025,0.7826617826617827,0.7790135559300292,,0.6512194871902466,,0.7826617826617827,,,,0.6463481837782118,,,,,,0.8031499981880188,0.5,,4.195929149820225e-06,,,,AdamW,0.0007379216550198,28.0,,,16,2,512.0,128.0,,"InceptionResNetV2 | dl:2, du1:512, du2:128, dr:0.5, opt:AdamW, lr:0.0007379216550198929, wd:4.195929149820225e-06, bs:16",InceptionResNetV2,True,hyperparameter_optimization,101.0,completed
72d7bd41472c4edd9624a36bd38cf56c,2,FAILED,2026-08-07 01:42:33.320000+00:00,2026-08-07 01:58:29.559000+00:00,,,,,,,,,,,,,,,,,,0.9859928488731384,,,,,,,0.9226900339126588,,,,,,,,,,,,,,,,,,,,,,,,,,0.5940170884132385,,,,,,,,0.6195122003555298,,,,,,,,,,,,,0.5,,6.086597231543452e-06,,,,AdamW,0.0004580762069242,8.0,,,16,2,64.0,512.0,,"InceptionResNetV2 | dl:2, du1:64, du2:512, dr:0.5, opt:AdamW, lr:0.0004580762069242267, wd:6.086597231543452e-06, bs:16",InceptionResNetV2,True,hyperparameter_optimization,100.0,pruned
d53c1af6344f4577bf1eb79a113985ef,2,FINISHED,2026-08-07 01:00:08.826000+00:00,2026-08-07 01:42:31.930000+00:00,,,,,,,,,,,,,,,,,,0.5106079578399658,,,,,0.6585365853658537,,0.8662448525428772,,,,,,,,,,,,,,,,0.6607235820232256,,,,,,,,,,0.7985348105430603,0.7854693572347624,,,0.6585365853658537,0.782051282051282,0.781607275074479,,0.6585366129875183,,0.782051282051282,,,,0.6673168433775915,,,,,,0.8070179224014282,0.4,,3.219429514761655e-06,,,,AdamW,0.0006286042952283,19.0,,,16,2,512.0,512.0,,"InceptionResNetV2 | dl:2, du1:512, du2:512, dr:0.4, opt:AdamW, lr:0.0006286042952283951, wd:3.219429514761655e-06, bs:16",InceptionResNetV2,True,hyperparameter_optimization,99.0,completed
7edfb6b5508448e88eb0c2ea3b574a79,2,FAILED,2026-08-07 00:41:51.069000+00:00,2026-08-07 01:00:07.579000+00:00,,,,,,,,,,,,,,,,,,0.7230492234230042,,,,,,,0.8544251918792725,,,,,,,,,,,,,,,,,,,,,,,,,,0.7094017267227173,,,,,,,,0.6512194871902466,,,,,,,,,,,,,0.4,,7.560801577453435e-06,,,,AdamW,0.0005484244084058,9.0,,,16,2,512.0,512.0,,"InceptionResNetV2 | dl:2, du1:512, du2:512, dr:0.4, opt:AdamW, lr:0.0005484244084058986, wd:7.560801577453435e-06, bs:16",InceptionResNetV2,True,hyperparameter_optimization,98.0,pruned
f9d718c62ff040c9877ec4fce8f959b5,2,FINISHED,2026-08-06 23:49:53.848000+00:00,2026-08-07 00:41:49.676000+00:00,,,,,,,,,,,,,,,,,,0.4611475765705108,,,,,0.6365853658536585,,0.8568153977394104,,,,,,,,,,,,,,,,0.6381805398159273,,,,,,,,,,0.8156288266181946,0.8157992069936545,,,0.6365853658536585,0.8125763125763126,0.8119617593538047,,0.6634146571159363,,0.8125763125763126,,,,0.6447514402339931,,,,,,0.7988113164901733,0.4,,7.297406442521914e-06,,,,AdamW,0.0006311522772673,24.0,,,16,2,512.0,512.0,,"InceptionResNetV2 | dl:2, du1:512, du2:512, dr:0.4, opt:AdamW, lr:0.0006311522772673276, wd:7.297406442521914e-06, bs:16",InceptionResNetV2,True,hyperparameter_optimization,97.0,completed
ec5c91f8619f4600a9830c5c0fefd3c8,2,FAILED,2026-08-06 23:21:48.653000+00:00,2026-08-06 23:49:52.396000+00:00,,,,,,,,,,,,,,,,,,0.7023621797561646,,,,,,,0.8475754857063293,,,,,,,,,,,,,,,,,,,,,,,,,,0.7063491940498352,,,,,,,,0.6609756350517273,,,,,,,,,,,,,0.4,,1.345374201196014e-05,,,,AdamW,0.0007823876220337,14.0,,,16,2,512.0,512.0,,"InceptionResNetV2 | dl:2, du1:512, du2:512, dr:0.4, opt:AdamW, lr:0.0007823876220337686, wd:1.345374201196014e-05, bs:16",InceptionResNetV2,True,hyperparameter_optimization,96.0,pruned
e06da9c602e14d40b6c6bc59192fb37e,2,FINISHED,2026-08-06 22:09:16.788000+00:00,2026-08-06 23:21:47.155000+00:00,,,,,,,,,,,,,,,,,,0.3986059129238128,,,,,0.6707317073170732,,0.8755576610565186,,,,,,,,,,,,,,,,0.6701351355413006,,,,,,,,,,0.8516483306884766,0.8627384281110801,,,0.6707317073170732,0.8577533577533577,0.8562837089519652,,0.6804878115653992,,0.8577533577533577,,,,0.6742958257903358,,,,,,0.8120790123939514,0.4,,2.109621128456572e-05,,,,AdamW,0.0008867391532521,34.0,,,16,2,512.0,512.0,,"InceptionResNetV2 | dl:2, du1:512, du2:512, dr:0.4, opt:AdamW, lr:0.0008867391532521112, wd:2.109621128456572e-05, bs:16",InceptionResNetV2,True,hyperparameter_optimization,95.0,completed
d6d46f02192d42f5a1bb3a47363ee0da,2,FINISHED,2026-08-06 21:16:53.016000+00:00,2026-08-06 22:09:15.390000+00:00,,,,,,,,,,,,,,,,,,0.5695959329605103,,,,,0.6609756097560976,,0.8245038986206055,,,,,,,,,,,,,,,,0.6623444709594081,,,,,,,,,,0.7747252583503723,0.8157000448583659,,,0.6609756097560976,0.8089133089133089,0.8097280101018914,,0.6756097674369812,,0.8089133089133089,,,,0.6661200279368376,,,,,,0.8073342442512512,0.4,,,,,,Adam,0.0005697632413026,24.0,,,16,2,128.0,512.0,,"InceptionResNetV2 | dl:2, du1:128, du2:512, dr:0.4, opt:Adam, lr:0.0005697632413026526, bs:16",InceptionResNetV2,True,hyperparameter_optimization,94.0,completed
1ae65a26f1204e69b3f21e72aefb5ff3,2,FAILED,2026-08-06 20:54:50.940000+00:00,2026-08-06 21:16:51.671000+00:00,,,,,,,,,,,,,,,,,,0.7992076873779297,,,,,,,0.8756837248802185,,,,,,,,,,,,,,,,,,,,,,,,,,0.6752136945724487,,,,,,,,0.6097561120986938,,,,,,,,,,,,,0.5,,2.797094467018692e-05,,,,AdamW,0.0001668617653027,11.0,,,16,2,512.0,512.0,,"InceptionResNetV2 | dl:2, du1:512, du2:512, dr:0.5, opt:AdamW, lr:0.00016686176530276495, wd:2.7970944670186922e-05, bs:16",InceptionResNetV2,True,hyperparameter_optimization,93.0,pruned
f604ce704a65498a872ad46b7a2904df,2,FINISHED,2026-08-06 20:08:13.726000+00:00,2026-08-06 20:54:49.501000+00:00,,,,,,,,,,,,,,,,,,0.6060996055603027,,,,,0.6707317073170732,,0.8434197902679443,,,,,,,,,,,,,,,,0.6694750834971781,,,,,,,,,,0.7686202526092529,0.7776522300176478,,,0.6707317073170732,0.7741147741147741,0.7727738496238551,,0.6487804651260376,,0.7741147741147741,,,,0.6755602256182562,,,,,,0.8076776266098022,0.5,,4.860837893041549e-07,,,,AdamW,0.0007116048535518,21.0,,,16,2,512.0,512.0,,"InceptionResNetV2 | dl:2, du1:512, du2:512, dr:0.5, opt:AdamW, lr:0.0007116048535518682, wd:4.860837893041549e-07, bs:16",InceptionResNetV2,True,hyperparameter_optimization,92.0,completed
9847d5871ed344449e75388926db650a,2,FINISHED,2026-08-06 19:09:58.343000+00:00,2026-08-06 20:08:12.272000+00:00,,,,,,,,,,,,,,,,,,0.413332462310791,,,,,0.6658536585365854,,0.8357583284378052,,,,,,,,,,,,,,,,0.6640078369233515,,,,,,,,,,0.8333333134651184,0.8251995989427149,,,0.6658536585365854,0.8229548229548229,0.822557554890904,,0.6634146571159363,,0.8229548229548229,,,,0.6631616969023738,,,,,,0.7877206802368164,0.4,,2.12220318337036e-05,,,,AdamW,0.0007676231634168,27.0,,,16,2,512.0,512.0,,"InceptionResNetV2 | dl:2, du1:512, du2:512, dr:0.4, opt:AdamW, lr:0.0007676231634168898, wd:2.12220318337036e-05, bs:16",InceptionResNetV2,True,hyperparameter_optimization,91.0,completed
be7f24e5f5304dbcac74fc4fd71979c4,2,RUNNING,2026-08-06 17:57:20.078000+00:00,,,,,,,,,,,,,,,,,,,0.5041452050209045,,,,,,,0.8496053814888,,,,,,,,,,,,,,,,,,,,,,,,,,0.8015872836112976,,,,,,,,0.6585366129875183,,,,,,,,,,,,,0.4,,2.631480956378145e-05,,,,AdamW,0.0007547568902204,21.0,,,16,2,512.0,512.0,,"InceptionResNetV2 | dl:2, du1:512, du2:512, dr:0.4, opt:AdamW, lr:0.0007547568902204977, wd:2.631480956378145e-05, bs:16",InceptionResNetV2,True,hyperparameter_optimization,90.0,
7ac44a9d2a8046d3b6ec09eff77693d0,2,FAILED,2026-08-06 17:34:28.369000+00:00,2026-08-06 17:57:18.532000+00:00,,,,,,,,,,,,,,,,,,0.8631174564361572,,,,,,,0.8812420964241028,,,,,,,,,,,,,,,,,,,,,,,,,,0.6452991366386414,,,,,,,,0.6365853548049927,,,,,,,,,,,,,0.5,,1.0895174232737556e-05,,,,AdamW,0.0009979909260732,9.0,,,32,2,512.0,256.0,,"InceptionResNetV2 | dl:2, du1:512, du2:256, dr:0.5, opt:AdamW, lr:0.0009979909260732017, wd:1.0895174232737556e-05, bs:32",InceptionResNetV2,True,hyperparameter_optimization,89.0,pruned
7641d952929d49a691677ccd7aa6bc41,2,FAILED,2026-08-06 17:14:04.406000+00:00,2026-08-06 17:34:26.724000+00:00,,,,,,,,,,,,,,,,,,1.0723553895950315,,,,,,,0.9820077419281006,,,,,,,,,,,,,,,,,,,,,,,,,,0.5555555820465088,,,,,,,,0.5902438759803772,,,,,,,,,,,,,0.5,,5.277826694971952e-05,,,,AdamW,5.758347452861368e-05,8.0,,,32,2,512.0,512.0,,"InceptionResNetV2 | dl:2, du1:512, du2:512, dr:0.5, opt:AdamW, lr:5.7583474528613676e-05, wd:5.277826694971952e-05, bs:32",InceptionResNetV2,True,hyperparameter_optimization,88.0,pruned
572455c75938485499f2459ff1922135,2,FAILED,2026-08-06 16:31:15.306000+00:00,2026-08-06 17:14:02.962000+00:00,,,,,,,,,,,,,,,,,,0.4817834794521332,,,,,,,0.8660633563995361,,,,,,,,,,,,,,,,,,,,,,,,,,0.8064712882041931,,,,,,,,0.6707317233085632,,,,,,,,,,,,,0.3,,6.709540869635268e-06,,,,AdamW,0.0005827675277549,17.0,,,32,2,512.0,512.0,,"InceptionResNetV2 | dl:2, du1:512, du2:512, dr:0.30000000000000004, opt:AdamW, lr:0.0005827675277549995, wd:6.709540869635268e-06, bs:32",InceptionResNetV2,True,hyperparameter_optimization,87.0,pruned
7c596400a97d4ea29d1c4e1bc3a7e7d9,2,FAILED,2026-08-06 16:08:22.463000+00:00,2026-08-06 16:31:13.883000+00:00,,,,,,,,,,,,,,,,,,0.7873245477676392,,,,,,,0.8683626651763916,,,,,,,,,,,,,,,,,,,,,,,,,,0.6709401607513428,,,,,,,,0.6341463327407837,,,,,,,,,,,,,0.4,,1.451524340112163e-05,,,,AdamW,0.0006937397489838,9.0,,,32,2,512.0,512.0,,"InceptionResNetV2 | dl:2, du1:512, du2:512, dr:0.4, opt:AdamW, lr:0.0006937397489838784, wd:1.451524340112163e-05, bs:32",InceptionResNetV2,True,hyperparameter_optimization,86.0,pruned
402c4545a1ed47feb544a37092ed0133,2,FAILED,2026-08-06 15:45:28.153000+00:00,2026-08-06 16:08:21.052000+00:00,,,,,,,,,,,,,,,,,,0.7601774334907532,,,,,,,0.8590313196182251,,,,,,,,,,,,,,,,,,,,,,,,,,0.6837607026100159,,,,,,,,0.6585366129875183,,,,,,,,,,,,,0.4,,0.0002192472416499,,,,AdamW,0.0008718990811024,9.0,,,32,2,512.0,512.0,,"InceptionResNetV2 | dl:2, du1:512, du2:512, dr:0.4, opt:AdamW, lr:0.0008718990811024427, wd:0.00021924724164995845, bs:32",InceptionResNetV2,True,hyperparameter_optimization,85.0,pruned
815b57bb19b94f358badc37ab1aa89e5,2,FAILED,2026-08-06 15:01:48.765000+00:00,2026-08-06 15:45:26.768000+00:00,,,,,,,,,,,,,,,,,,0.6242247819900513,,,,,,,0.839029848575592,,,,,,,,,,,,,,,,,,,,,,,,,,0.7503052353858948,,,,,,,,0.6560975313186646,,,,,,,,,,,,,0.4,,4.392271356969495e-05,,,,AdamW,0.0009912374043934,17.0,,,32,2,512.0,512.0,,"InceptionResNetV2 | dl:2, du1:512, du2:512, dr:0.4, opt:AdamW, lr:0.0009912374043934682, wd:4.392271356969495e-05, bs:32",InceptionResNetV2,True,hyperparameter_optimization,84.0,pruned
ca4a842c221c4726aecf79be7d04c482,2,FAILED,2026-08-06 14:43:08.975000+00:00,2026-08-06 15:01:47.313000+00:00,,,,,,,,,,,,,,,,,,0.9021978974342346,,,,,,,0.8672637343406677,,,,,,,,,,,,,,,,,,,,,,,,,,0.622710645198822,,,,,,,,0.6487804651260376,,,,,,,,,,,,,0.5,,1.9161803661649712e-05,,,,AdamW,0.0004025429798479,9.0,,,16,2,512.0,128.0,,"InceptionResNetV2 | dl:2, du1:512, du2:128, dr:0.5, opt:AdamW, lr:0.0004025429798479, wd:1.9161803661649712e-05, bs:16",InceptionResNetV2,True,hyperparameter_optimization,83.0,pruned
5f7bb13374cf48d1aa1a9f83e1af68cf,2,FAILED,2026-08-06 14:26:45.747000+00:00,2026-08-06 14:43:07.515000+00:00,,,,,,,,,,,,,,,,,,0.8451761603355408,,,,,,,0.9246935844421388,,,,,,,,,,,,,,,,,,,,,,,,,,0.6495726704597473,,,,,,,,0.6097561120986938,,,,,,,,,,,,,0.4,,3.593126764896808e-06,,,,AdamW,0.0004925956768942,8.0,,,16,2,64.0,512.0,,"InceptionResNetV2 | dl:2, du1:64, du2:512, dr:0.4, opt:AdamW, lr:0.0004925956768942938, wd:3.5931267648968076e-06, bs:16",InceptionResNetV2,True,hyperparameter_optimization,82.0,pruned
fdb3764f49694a7bb677e0d0918c15a0,2,FAILED,2026-08-06 14:10:18.342000+00:00,2026-08-06 14:26:44.271000+00:00,,,,,,,,,,,,,,,,,,1.2708877325057983,,,,,,,1.0966702699661257,,,,,,,,,,,,,,,,,,,,,,,,,,0.4652014672756195,,,,,,,,0.5878048539161682,,,,,,,,,,,,,0.5,,,,,,Adam,2.551831621769253e-05,8.0,,,16,2,256.0,512.0,,"InceptionResNetV2 | dl:2, du1:256, du2:512, dr:0.5, opt:Adam, lr:2.551831621769253e-05, bs:16",InceptionResNetV2,True,hyperparameter_optimization,81.0,pruned
44ab46ae3747423ca8a389213168658f,2,FAILED,2026-08-06 13:53:38.410000+00:00,2026-08-06 14:10:17.116000+00:00,,,,,,,,,,,,,,,,,,1.0384126901626587,,,,,,,0.9909080862998962,,,,,,,,,,,,,,,,,,,,,,,,,,0.5830280780792236,,,,,,,,0.5926828980445862,,,,,,,,,,,,,0.5,,7.88308682053656e-05,,,,AdamW,0.0002333433765087,8.0,,,16,2,512.0,64.0,,"InceptionResNetV2 | dl:2, du1:512, du2:64, dr:0.5, opt:AdamW, lr:0.00023334337650875975, wd:7.88308682053656e-05, bs:16",InceptionResNetV2,True,hyperparameter_optimization,80.0,pruned
19ade49173344dd292afcc01723b6db7,2,FINISHED,2026-08-06 12:57:47.573000+00:00,2026-08-06 13:53:37.235000+00:00,,,,,,,,,,,,,,,,,,0.5606059432029724,,,,,0.6463414634146342,,0.832381546497345,,,,,,,,,,,,,,,,0.6469453955313216,,,,,,,,,,0.7863247990608215,0.8010926655863202,,,0.6463414634146342,0.797924297924298,0.796790198928404,,0.6536585092544556,,0.797924297924298,,,,0.6479820862047481,,,,,,0.8150447010993958,0.4,,8.931181369137098e-07,,,,AdamW,0.0003272981118557,25.0,,,16,2,128.0,512.0,,"InceptionResNetV2 | dl:2, du1:128, du2:512, dr:0.4, opt:AdamW, lr:0.00032729811185576213, wd:8.931181369137098e-07, bs:16",InceptionResNetV2,True,hyperparameter_optimization,79.0,completed
4666447790794fccaac4b96522de2d4d,2,FAILED,2026-08-06 12:39:35.485000+00:00,2026-08-06 12:57:46.187000+00:00,,,,,,,,,,,,,,,,,,0.7832129001617432,,,,,,,0.8590958714485168,,,,,,,,,,,,,,,,,,,,,,,,,,0.6721611618995667,,,,,,,,0.6414633989334106,,,,,,,,,,,,,0.4,,,,,,Adam,0.0001217986350729,9.0,,,16,2,512.0,512.0,,"InceptionResNetV2 | dl:2, du1:512, du2:512, dr:0.4, opt:Adam, lr:0.00012179863507291163, bs:16",InceptionResNetV2,True,hyperparameter_optimization,78.0,pruned
81530a0c4a47498295b26600bd8f7ed1,2,FAILED,2026-08-06 12:10:58.396000+00:00,2026-08-06 12:39:34.246000+00:00,,,,,,,,,,,,,,,,,,0.4686414897441864,,,,,,,0.8447393774986267,,,,,,,,,,,,,,,,,,,,,,,,,,0.8168498277664185,,,,,,,,0.6707317233085632,,,,,,,,,,,,,0.2,,,,,,Adam,0.0004028193705339,14.0,,,16,2,512.0,512.0,,"InceptionResNetV2 | dl:2, du1:512, du2:512, dr:0.2, opt:Adam, lr:0.0004028193705339735, bs:16",InceptionResNetV2,True,hyperparameter_optimization,77.0,pruned
f0b7392789714a8ebdd46aa2ed450134,2,FINISHED,2026-08-06 11:11:48.782000+00:00,2026-08-06 12:10:57.106000+00:00,,,,,,,,,,,,,,,,,,0.5902354717254639,,,,,0.7,,0.8344454169273376,,,,,,,,,,,,,,,,0.698929412760555,,,,,,,,,,0.7600732445716858,0.7988311651631302,,,0.7,0.7942612942612942,0.792559691899754,,0.6682927012443542,,0.7942612942612942,,,,0.7089618251149349,,,,,,0.8231838941574097,0.4,,,,,,Adam,7.158542003613416e-05,27.0,,,16,2,512.0,512.0,,"InceptionResNetV2 | dl:2, du1:512, du2:512, dr:0.4, opt:Adam, lr:7.158542003613416e-05, bs:16",InceptionResNetV2,True,hyperparameter_optimization,76.0,completed
977ca6559dd046d099e65258abd563a6,2,FAILED,2026-08-06 10:53:36.661000+00:00,2026-08-06 11:11:47.601000+00:00,,,,,,,,,,,,,,,,,,0.7474252581596375,,,,,,,0.8895531892776489,,,,,,,,,,,,,,,,,,,,,,,,,,0.6904761791229248,,,,,,,,0.6170731782913208,,,,,,,,,,,,,0.4,,,,,,Adam,0.0004098986847245,9.0,,,16,2,512.0,512.0,,"InceptionResNetV2 | dl:2, du1:512, du2:512, dr:0.4, opt:Adam, lr:0.00040989868472458276, bs:16",InceptionResNetV2,True,hyperparameter_optimization,75.0,pruned
d97b7195a6be4d0abaa29c4f9ed745de,2,FAILED,2026-08-06 10:35:25.650000+00:00,2026-08-06 10:53:35.457000+00:00,,,,,,,,,,,,,,,,,,0.6600174903869629,,,,,,,0.8562736511230469,,,,,,,,,,,,,,,,,,,,,,,,,,0.732600748538971,,,,,,,,0.6682927012443542,,,,,,,,,,,,,0.3,,,,,,Adam,0.0004539296627333,9.0,,,16,2,512.0,512.0,,"InceptionResNetV2 | dl:2, du1:512, du2:512, dr:0.30000000000000004, opt:Adam, lr:0.00045392966273338027, bs:16",InceptionResNetV2,True,hyperparameter_optimization,74.0,pruned
6ba0e452bbf74f328b5c89f7db1443a6,2,FAILED,2026-08-06 10:15:14.829000+00:00,2026-08-06 10:35:24.634000+00:00,,,,,,,,,,,,,,,,,,1.1233161687850952,,,,,,,0.995697021484375,,,,,,,,,,,,,,,,,,,,,,,,,,0.5372405648231506,,,,,,,,0.5926828980445862,,,,,,,,,,,,,0.5,,,,,,Adam,6.91983819088807e-05,8.0,,,32,2,512.0,256.0,,"InceptionResNetV2 | dl:2, du1:512, du2:256, dr:0.5, opt:Adam, lr:6.91983819088807e-05, bs:32",InceptionResNetV2,True,hyperparameter_optimization,73.0,pruned
821784e78f0c4032ab250ddd897ea3c5,2,FAILED,2026-08-06 09:56:28.677000+00:00,2026-08-06 10:15:13.659000+00:00,,,,,,,,,,,,,,,,,,0.7433087825775146,,,,,,,0.8735608458518982,,,,,,,,,,,,,,,,,,,,,,,,,,0.7032967209815979,,,,,,,,0.6634146571159363,,,,,,,,,,,,,0.3,,1.0732351587904909e-07,,,,AdamW,0.000100390420398,9.0,,,16,2,512.0,512.0,,"InceptionResNetV2 | dl:2, du1:512, du2:512, dr:0.30000000000000004, opt:AdamW, lr:0.00010039042039808914, wd:1.0732351587904908e-07, bs:16",InceptionResNetV2,True,hyperparameter_optimization,72.0,pruned
dd34b6cf6a1b4cc2ae34b6647e4d8cd6,2,FAILED,2026-08-06 09:38:05.769000+00:00,2026-08-06 09:56:27.404000+00:00,,,,,,,,,,,,,,,,,,0.850382924079895,,,,,,,0.8870519995689392,,,,,,,,,,,,,,,,,,,,,,,,,,0.6556776762008667,,,,,,,,0.6219512224197388,,,,,,,,,,,,,0.5,,4.945150259013354e-06,,,,AdamW,0.0008400902282298,9.0,,,16,0,,,,"InceptionResNetV2 | dl:0, dr:0.5, opt:AdamW, lr:0.0008400902282298175, wd:4.945150259013354e-06, bs:16",InceptionResNetV2,True,hyperparameter_optimization,71.0,pruned
b388c1640c7b4a1c8a148a2ceb7b1ca4,2,FAILED,2026-08-06 09:19:55.008000+00:00,2026-08-06 09:38:04.814000+00:00,,,,,,,,,,,,,,,,,,0.8059284090995789,,,,,,,0.8555756211280823,,,,,,,,,,,,,,,,,,,,,,,,,,0.6642246842384338,,,,,,,,0.6317073106765747,,,,,,,,,,,,,0.5,,1.9228636364410184e-06,,,,AdamW,0.0006031169294234,9.0,,,16,2,512.0,512.0,,"InceptionResNetV2 | dl:2, du1:512, du2:512, dr:0.5, opt:AdamW, lr:0.000603116929423466, wd:1.9228636364410184e-06, bs:16",InceptionResNetV2,True,hyperparameter_optimization,70.0,pruned
c55fc18d310b44989ee15d83ffd324c0,2,FAILED,2026-08-06 09:01:45.812000+00:00,2026-08-06 09:19:53.784000+00:00,,,,,,,,,,,,,,,,,,0.8763686418533325,,,,,,,0.8767292499542236,,,,,,,,,,,,,,,,,,,,,,,,,,0.6514041423797607,,,,,,,,0.6170731782913208,,,,,,,,,,,,,0.5,,3.8559630876403386e-05,,,,AdamW,0.0007801228106759,9.0,,,16,2,512.0,512.0,,"InceptionResNetV2 | dl:2, du1:512, du2:512, dr:0.5, opt:AdamW, lr:0.0007801228106759596, wd:3.8559630876403386e-05, bs:16",InceptionResNetV2,True,hyperparameter_optimization,69.0,pruned
95f8ee09399042949f3ffdc22324fc95,2,FAILED,2026-08-06 08:45:37.977000+00:00,2026-08-06 09:01:44.586000+00:00,,,,,,,,,,,,,,,,,,1.0348836183547974,,,,,,,0.9355598092079164,,,,,,,,,,,,,,,,,,,,,,,,,,0.5830280780792236,,,,,,,,0.5878048539161682,,,,,,,,,,,,,0.5,,1.0713009514005224e-05,,,,AdamW,0.0009961392954564,8.0,,,16,2,256.0,128.0,,"InceptionResNetV2 | dl:2, du1:256, du2:128, dr:0.5, opt:AdamW, lr:0.0009961392954564692, wd:1.0713009514005224e-05, bs:16",InceptionResNetV2,True,hyperparameter_optimization,68.0,pruned
ae7fbf735e0e47d782d6586bb9964355,2,FAILED,2026-08-06 08:29:28.879000+00:00,2026-08-06 08:45:36.782000+00:00,,,,,,,,,,,,,,,,,,1.0049182176589966,,,,,,,0.9348898530006408,,,,,,,,,,,,,,,,,,,,,,,,,,0.5958486199378967,,,,,,,,0.6121951341629028,,,,,,,,,,,,,0.5,,0.0011635055825453,,,,AdamW,0.0005275340809992,8.0,,,16,2,512.0,64.0,,"InceptionResNetV2 | dl:2, du1:512, du2:64, dr:0.5, opt:AdamW, lr:0.0005275340809992385, wd:0.0011635055825453952, bs:16",InceptionResNetV2,True,hyperparameter_optimization,67.0,pruned
c7fe6bf3c63741188ac1be1391e92fe8,2,FAILED,2026-08-06 08:11:22.585000+00:00,2026-08-06 08:29:27.659000+00:00,,,,,,,,,,,,,,,,,,0.8366528749465942,,,,,,,0.8909932374954224,,,,,,,,,,,,,,,,,,,,,,,,,,0.6452991366386414,,,,,,,,0.6365853548049927,,,,,,,,,,,,,0.5,,8.543174376252859e-05,,,,AdamW,0.0004177685485869,9.0,,,16,2,512.0,512.0,,"InceptionResNetV2 | dl:2, du1:512, du2:512, dr:0.5, opt:AdamW, lr:0.00041776854858692296, wd:8.543174376252859e-05, bs:16",InceptionResNetV2,True,hyperparameter_optimization,66.0,pruned
29b4754be3ef49a8943309a6653ae16e,2,FAILED,2026-08-06 07:55:15.920000+00:00,2026-08-06 08:11:21.383000+00:00,,,,,,,,,,,,,,,,,,0.9145885705947876,,,,,,,0.9542720317840576,,,,,,,,,,,,,,,,,,,,,,,,,,0.6190476417541504,,,,,,,,0.5682926774024963,,,,,,,,,,,,,0.5,,5.085479841194489e-06,,,,AdamW,0.0006723305864599,8.0,,,16,2,512.0,512.0,,"InceptionResNetV2 | dl:2, du1:512, du2:512, dr:0.5, opt:AdamW, lr:0.0006723305864599207, wd:5.085479841194489e-06, bs:16",InceptionResNetV2,True,hyperparameter_optimization,65.0,pruned
367947e489d3459a97274564be3b8b98,2,FINISHED,2026-08-06 06:42:30.970000+00:00,2026-08-06 07:55:14.686000+00:00,,,,,,,,,,,,,,,,,,0.5208297371864319,,,,,0.6585365853658537,,0.8263519406318665,,,,,,,,,,,,,,,,0.6585867823728415,,,,,,,,,,0.8003662824630737,0.8342325716312478,,,0.6585365853658537,0.8241758241758241,0.8230219461878329,,0.6463414430618286,,0.8241758241758241,,,,0.6650984107058944,,,,,,0.8074228167533875,0.5,,1.8157452401300303e-05,,,,AdamW,0.0009032091384765,34.0,,,16,2,512.0,512.0,,"InceptionResNetV2 | dl:2, du1:512, du2:512, dr:0.5, opt:AdamW, lr:0.0009032091384765469, wd:1.8157452401300306e-05, bs:16",InceptionResNetV2,True,hyperparameter_optimization,64.0,completed
8d01fb9c25f842dd89ce3e061c022c34,2,FINISHED,2026-08-06 05:48:12.746000+00:00,2026-08-06 06:42:29.705000+00:00,,,,,,,,,,,,,,,,,,0.4213533401489258,,,,,0.6414634146341464,,0.8842039704322815,,,,,,,,,,,,,,,,0.6396219826993292,,,,,,,,,,0.8431013226509094,0.8205920108825606,,,0.6414634146341464,0.8162393162393162,0.8147552010849751,,0.6634146571159363,,0.8162393162393162,,,,0.6443735105452538,,,,,,0.8013437390327454,0.4,,,,,,Adam,0.000384284289909,25.0,,,16,2,512.0,512.0,,"InceptionResNetV2 | dl:2, du1:512, du2:512, dr:0.4, opt:Adam, lr:0.0003842842899090789, bs:16",InceptionResNetV2,True,hyperparameter_optimization,63.0,completed
cfb5a537f0b24afbafb8a96bfefae8da,2,FAILED,2026-08-06 05:29:50.677000+00:00,2026-08-06 05:48:11.452000+00:00,,,,,,,,,,,,,,,,,,0.8422971367835999,,,,,,,0.8990245461463928,,,,,,,,,,,,,,,,,,,,,,,,,,0.6538461446762085,,,,,,,,0.6243902444839478,,,,,,,,,,,,,0.5,,9.644767939041668e-06,,,,AdamW,0.0002147696824414,9.0,,,16,2,512.0,512.0,,"InceptionResNetV2 | dl:2, du1:512, du2:512, dr:0.5, opt:AdamW, lr:0.00021476968244149122, wd:9.644767939041667e-06, bs:16",InceptionResNetV2,True,hyperparameter_optimization,62.0,pruned
59804390857448759cf460149065e1f3,2,FAILED,2026-08-06 05:13:28.983000+00:00,2026-08-06 05:29:49.394000+00:00,,,,,,,,,,,,,,,,,,1.1232287883758545,,,,,,,1.0173814296722412,,,,,,,,,,,,,,,,,,,,,,,,,,0.509768009185791,,,,,,,,0.5804877877235413,,,,,,,,,,,,,0.5,,2.414295793623995e-06,,,,AdamW,0.0003544831832634,8.0,,,16,2,128.0,64.0,,"InceptionResNetV2 | dl:2, du1:128, du2:64, dr:0.5, opt:AdamW, lr:0.00035448318326341486, wd:2.414295793623995e-06, bs:16",InceptionResNetV2,True,hyperparameter_optimization,61.0,pruned
134a09bef0864d9b947218101cf111a5,2,FAILED,2026-08-06 04:53:10.883000+00:00,2026-08-06 05:13:27.642000+00:00,,,,,,,,,,,,,,,,,,1.0027453899383545,,,,,,,0.9815509915351868,,,,,,,,,,,,,,,,,,,,,,,,,,0.5683760643005371,,,,,,,,0.6097561120986938,,,,,,,,,,,,,0.5,,0.0001303253783712,,,,AdamW,0.000826292389174,8.0,,,32,2,64.0,512.0,,"InceptionResNetV2 | dl:2, du1:64, du2:512, dr:0.5, opt:AdamW, lr:0.0008262923891740539, wd:0.00013032537837122032, bs:32",InceptionResNetV2,True,hyperparameter_optimization,60.0,pruned
e56b207064e84380916048535dcfd322,2,FINISHED,2026-08-06 03:57:08.663000+00:00,2026-08-06 04:53:09.436000+00:00,,,,,,,,,,,,,,,,,,0.5190553069114685,,,,,0.6414634146341464,,0.844553530216217,,,,,,,,,,,,,,,,0.6406025236057205,,,,,,,,,,0.7918192744255066,0.8007620527545362,,,0.6414634146341464,0.7912087912087912,0.790068964953687,,0.6536585092544556,,0.7912087912087912,,,,0.6482587787766725,,,,,,0.810209333896637,0.5,,0.008062684591426,,,,AdamW,0.0006110551434184,26.0,,,16,2,512.0,512.0,,"InceptionResNetV2 | dl:2, du1:512, du2:512, dr:0.5, opt:AdamW, lr:0.0006110551434184072, wd:0.008062684591426042, bs:16",InceptionResNetV2,True,hyperparameter_optimization,59.0,completed
2b21386c230842339ee64b1a4f7ea15d,2,FINISHED,2026-08-06 03:02:07.196000+00:00,2026-08-06 03:57:07.356000+00:00,,,,,,,,,,,,,,,,,,0.5314009189605713,,,,,0.6609756097560976,,0.8306488990783691,,,,,,,,,,,,,,,,0.6601135795338323,,,,,,,,,,0.8046398162841797,0.8065170860663202,,,0.6609756097560976,0.8034188034188035,0.8014412947240732,,0.6463414430618286,,0.8034188034188035,,,,0.6617342122544358,,,,,,0.806706964969635,0.5,,7.494827816843345e-06,,,,AdamW,0.0004592246862124,25.0,,,16,2,512.0,512.0,,"InceptionResNetV2 | dl:2, du1:512, du2:512, dr:0.5, opt:AdamW, lr:0.00045922468621244466, wd:7.494827816843345e-06, bs:16",InceptionResNetV2,True,hyperparameter_optimization,58.0,completed
4e968b81acf24eb29bfc5cb128f705e4,2,FAILED,2026-08-06 02:46:01.434000+00:00,2026-08-06 03:02:05.813000+00:00,,,,,,,,,,,,,,,,,,1.1707261800765991,,,,,,,1.0041558742523191,,,,,,,,,,,,,,,,,,,,,,,,,,0.5244200229644775,,,,,,,,0.6146341562271118,,,,,,,,,,,,,0.5,,3.427433682416991e-05,,,,AdamW,2.6188573588925103e-05,8.0,,,16,2,512.0,512.0,,"InceptionResNetV2 | dl:2, du1:512, du2:512, dr:0.5, opt:AdamW, lr:2.6188573588925103e-05, wd:3.427433682416991e-05, bs:16",InceptionResNetV2,True,hyperparameter_optimization,57.0,pruned
b947194a548448108d558b61d5f823b5,2,FAILED,2026-08-06 02:27:40.734000+00:00,2026-08-06 02:46:00.082000+00:00,,,,,,,,,,,,,,,,,,0.8899932503700256,,,,,,,0.8638292551040649,,,,,,,,,,,,,,,,,,,,,,,,,,0.6208791136741638,,,,,,,,0.6365853548049927,,,,,,,,,,,,,0.5,,1.3481734525211947e-06,,,,AdamW,0.0008053563585492,9.0,,,16,2,512.0,512.0,,"InceptionResNetV2 | dl:2, du1:512, du2:512, dr:0.5, opt:AdamW, lr:0.000805356358549259, wd:1.3481734525211947e-06, bs:16",InceptionResNetV2,True,hyperparameter_optimization,56.0,pruned
0f777d2bb5df49cfb74bfdf69644ab45,2,FINISHED,2026-08-06 01:31:04.481000+00:00,2026-08-06 02:27:39.377000+00:00,,,,,,,,,,,,,,,,,,0.5659244060516357,,,,,0.6414634146341464,,0.8152022361755371,,,,,,,,,,,,,,,,0.6393307264715914,,,,,,,,,,0.771672785282135,0.8089890674990096,,,0.6414634146341464,0.8089133089133089,0.8067296089695613,,0.6707317233085632,,0.8089133089133089,,,,0.6417311217696199,,,,,,0.808797299861908,0.5,,1.8895021093780945e-05,,,,AdamW,0.0006667757025973,26.0,,,16,2,512.0,512.0,,"InceptionResNetV2 | dl:2, du1:512, du2:512, dr:0.5, opt:AdamW, lr:0.0006667757025973529, wd:1.8895021093780945e-05, bs:16",InceptionResNetV2,True,hyperparameter_optimization,55.0,completed
3dc5e76f8fe24139b7f950b080ffb4e0,2,FINISHED,2026-08-06 00:38:04.037000+00:00,2026-08-06 01:31:03.099000+00:00,,,,,,,,,,,,,,,,,,0.5746799111366272,,,,,0.6658536585365854,,0.8131309151649475,,,,,,,,,,,,,,,,0.6644378357259978,,,,,,,,,,0.7777777910232544,0.7887378980564712,,,0.6658536585365854,0.78998778998779,0.7874392676487988,,0.6560975313186646,,0.78998778998779,,,,0.6642444334768495,,,,,,0.7863976955413818,0.5,,1.578484030140255e-05,,,,AdamW,0.0007883555668657,24.0,,,16,2,512.0,512.0,,"InceptionResNetV2 | dl:2, du1:512, du2:512, dr:0.5, opt:AdamW, lr:0.000788355566865711, wd:1.578484030140255e-05, bs:16",InceptionResNetV2,True,hyperparameter_optimization,54.0,completed
78214f0477784a239d7ef22cfef49ff4,2,FAILED,2026-08-06 00:20:01.645000+00:00,2026-08-06 00:38:02.577000+00:00,,,,,,,,,,,,,,,,,,0.740195095539093,,,,,,,0.8758293390274048,,,,,,,,,,,,,,,,,,,,,,,,,,0.7081807255744934,,,,,,,,0.6292682886123657,,,,,,,,,,,,,0.5,,2.809002475072079e-05,,,,AdamW,0.0001433743650676,9.0,,,16,1,512.0,,,"InceptionResNetV2 | dl:1, du1:512, dr:0.5, opt:AdamW, lr:0.00014337436506763485, wd:2.809002475072079e-05, bs:16",InceptionResNetV2,True,hyperparameter_optimization,53.0,pruned
196409bde9534f6ba95aa1abd05d987a,2,FAILED,2026-08-06 00:01:56.569000+00:00,2026-08-06 00:20:00.242000+00:00,,,,,,,,,,,,,,,,,,0.8635274767875671,,,,,,,0.8657829761505127,,,,,,,,,,,,,,,,,,,,,,,,,,0.6581196784973145,,,,,,,,0.6390243768692017,,,,,,,,,,,,,0.4,,7.917215211874802e-06,,,,AdamW,0.0007067755978869,9.0,,,16,2,512.0,128.0,,"InceptionResNetV2 | dl:2, du1:512, du2:128, dr:0.4, opt:AdamW, lr:0.0007067755978869367, wd:7.917215211874802e-06, bs:16",InceptionResNetV2,True,hyperparameter_optimization,52.0,pruned
454c87fee560409db831b91605c0af73,2,FAILED,2026-08-05 23:45:54.600000+00:00,2026-08-06 00:01:55.045000+00:00,,,,,,,,,,,,,,,,,,1.6608816385269165,,,,,,,1.5710304975509644,,,,,,,,,,,,,,,,,,,,,,,,,,0.3137973248958587,,,,,,,,0.4000000059604645,,,,,,,,,,,,,0.5,,,,,,Adam,1.0552970606444362e-05,8.0,,,16,2,64.0,512.0,,"InceptionResNetV2 | dl:2, du1:64, du2:512, dr:0.5, opt:Adam, lr:1.0552970606444362e-05, bs:16",InceptionResNetV2,True,hyperparameter_optimization,51.0,pruned
2561d483c06c48b7aa42346694eded8b,2,FAILED,2026-08-05 23:23:24.442000+00:00,2026-08-05 23:45:53.348000+00:00,,,,,,,,,,,,,,,,,,0.949425995349884,,,,,,,0.8984886407852173,,,,,,,,,,,,,,,,,,,,,,,,,,0.5976800918579102,,,,,,,,0.6317073106765747,,,,,,,,,,,,,0.5,,2.900329282672802e-06,,,,AdamW,0.0005210484333092,9.0,,,32,2,256.0,256.0,,"InceptionResNetV2 | dl:2, du1:256, du2:256, dr:0.5, opt:AdamW, lr:0.000521048433309242, wd:2.900329282672802e-06, bs:32",InceptionResNetV2,True,hyperparameter_optimization,50.0,pruned
f9524a8b89284096835327cb9075accf,2,FAILED,2026-08-05 23:05:18.957000+00:00,2026-08-05 23:23:22.961000+00:00,,,,,,,,,,,,,,,,,,0.5666752457618713,,,,,,,0.860519289970398,,,,,,,,,,,,,,,,,,,,,,,,,,0.7777777910232544,,,,,,,,0.6439024209976196,,,,,,,,,,,,,0.2,,3.1854110516427365e-07,,,,AdamW,0.0002745699390366,9.0,,,16,1,512.0,,,"InceptionResNetV2 | dl:1, du1:512, dr:0.2, opt:AdamW, lr:0.0002745699390366481, wd:3.1854110516427365e-07, bs:16",InceptionResNetV2,True,hyperparameter_optimization,49.0,pruned
2890cb62f8d24c0eac4837276150aeec,2,FINISHED,2026-08-05 22:14:45.804000+00:00,2026-08-05 23:05:17.662000+00:00,,,,,,,,,,,,,,,,,,0.6060160398483276,,,,,0.6585365853658537,,0.8139811158180237,,,,,,,,,,,,,,,,0.6578403415367606,,,,,,,,,,0.7686202526092529,0.7851190355432764,,,0.6585365853658537,0.7832722832722833,0.7805159837545501,,0.6536585092544556,,0.7832722832722833,,,,0.6596006820522382,,,,,,0.7892109155654907,0.5,,7.844291877416e-06,,,,AdamW,0.0006782492692753,23.0,,,16,2,512.0,512.0,,"InceptionResNetV2 | dl:2, du1:512, du2:512, dr:0.5, opt:AdamW, lr:0.0006782492692753547, wd:7.844291877416e-06, bs:16",InceptionResNetV2,True,hyperparameter_optimization,48.0,completed
9b9c200b5e2f4d92baff9168651bf4b6,2,FAILED,2026-08-05 21:58:42.140000+00:00,2026-08-05 22:14:44.290000+00:00,,,,,,,,,,,,,,,,,,1.019583225250244,,,,,,,0.9790107607841492,,,,,,,,,,,,,,,,,,,,,,,,,,0.5702075958251953,,,,,,,,0.5731707215309143,,,,,,,,,,,,,0.5,,1.596444226546102e-05,,,,AdamW,0.0007509909157434,8.0,,,16,2,64.0,256.0,,"InceptionResNetV2 | dl:2, du1:64, du2:256, dr:0.5, opt:AdamW, lr:0.0007509909157434672, wd:1.596444226546102e-05, bs:16",InceptionResNetV2,True,hyperparameter_optimization,47.0,pruned
f14670fcabc646a88e1f81386d90c7bb,2,FAILED,2026-08-05 21:40:23.644000+00:00,2026-08-05 21:58:40.879000+00:00,,,,,,,,,,,,,,,,,,0.9389705657958984,,,,,,,0.8878167867660522,,,,,,,,,,,,,,,,,,,,,,,,,,0.6159951090812683,,,,,,,,0.6365853548049927,,,,,,,,,,,,,0.5,,3.610803758792469e-06,,,,AdamW,0.0009949751504522,9.0,,,16,2,512.0,512.0,,"InceptionResNetV2 | dl:2, du1:512, du2:512, dr:0.5, opt:AdamW, lr:0.0009949751504522307, wd:3.6108037587924684e-06, bs:16",InceptionResNetV2,True,hyperparameter_optimization,46.0,pruned
d8fef2bfd16d4249b8720951cef46139,2,FAILED,2026-08-05 21:35:10.989000+00:00,2026-08-05 21:39:18.151000+00:00,,,,,,,,,,,,,,,,,,1.5555360317230225,,,,,,,1.0794250965118408,,,,,,,,,,,,,,,,,,,,,,,,,,0.3864468932151794,,,,,,,,0.5585365891456604,,,,,,,,,,,,,0.5,,3.070222158216323e-06,,,,AdamW,0.0007617766082056,1.0,,,16,2,512.0,512.0,,"InceptionResNetV2 | dl:2, du1:512, du2:512, dr:0.5, opt:AdamW, lr:0.0007617766082056114, wd:3.070222158216323e-06, bs:16",InceptionResNetV2,True,hyperparameter_optimization,45.0,
2f632094a64b4a65ad4e808dffbc6c7d,2,FAILED,2026-08-05 21:17:11.221000+00:00,2026-08-05 21:35:09.626000+00:00,,,,,,,,,,,,,,,,,,0.8924634456634521,,,,,,,0.8615374565124512,,,,,,,,,,,,,,,,,,,,,,,,,,0.6465201377868652,,,,,,,,0.6414633989334106,,,,,,,,,,,,,0.5,,2.655971196537898e-05,,,,AdamW,0.0007684838133002,9.0,,,16,2,512.0,512.0,,"InceptionResNetV2 | dl:2, du1:512, du2:512, dr:0.5, opt:AdamW, lr:0.0007684838133002719, wd:2.655971196537898e-05, bs:16",InceptionResNetV2,True,hyperparameter_optimization,44.0,pruned
561a9bc864cb4c17be66c32807ee293e,2,FAILED,2026-08-05 20:59:14.470000+00:00,2026-08-05 21:17:09.789000+00:00,,,,,,,,,,,,,,,,,,0.8684467077255249,,,,,,,0.8681868314743042,,,,,,,,,,,,,,,,,,,,,,,,,,0.6385836601257324,,,,,,,,0.6317073106765747,,,,,,,,,,,,,0.5,,1.2292967602784436e-05,,,,AdamW,0.0008638833613232,9.0,,,16,2,512.0,512.0,,"InceptionResNetV2 | dl:2, du1:512, du2:512, dr:0.5, opt:AdamW, lr:0.0008638833613232211, wd:1.2292967602784435e-05, bs:16",InceptionResNetV2,True,hyperparameter_optimization,43.0,pruned
42be7dd00a6b4982bce5af850a05d883,2,FAILED,2026-08-05 20:39:18.319000+00:00,2026-08-05 20:59:13.098000+00:00,,,,,,,,,,,,,,,,,,0.9049161076545716,,,,,,,0.9332669973373412,,,,,,,,,,,,,,,,,,,,,,,,,,0.6196581125259399,,,,,,,,0.6195122003555298,,,,,,,,,,,,,0.5,,9.382801397291926e-06,,,,AdamW,0.0004673380292686,8.0,,,32,2,128.0,512.0,,"InceptionResNetV2 | dl:2, du1:128, du2:512, dr:0.5, opt:AdamW, lr:0.00046733802926862, wd:9.382801397291926e-06, bs:32",InceptionResNetV2,True,hyperparameter_optimization,42.0,pruned
1c3a7c971c4e4ccd94bef4e43a68bde2,2,FAILED,2026-08-05 20:23:22.183000+00:00,2026-08-05 20:39:16.963000+00:00,,,,,,,,,,,,,,,,,,0.8487463593482971,,,,,,,0.9293438196182252,,,,,,,,,,,,,,,,,,,,,,,,,,0.6678876876831055,,,,,,,,0.6048780679702759,,,,,,,,,,,,,0.5,,,,,,Adam,6.360494530921319e-05,8.0,,,16,1,512.0,,,"InceptionResNetV2 | dl:1, du1:512, dr:0.5, opt:Adam, lr:6.360494530921319e-05, bs:16",InceptionResNetV2,True,hyperparameter_optimization,41.0,pruned
986c6f9366494b5ebb6e179895fe2894,2,FINISHED,2026-08-05 19:41:26.695000+00:00,2026-08-05 20:23:21.095000+00:00,,,,,,,,,,,,,,,,,,0.5722156763076782,,,,,0.6682926829268293,,0.8744544982910156,,,,,,,,,,,,,,,,0.6678622147068197,,,,,,,,,,0.7722832560539246,0.7659935664616754,,,0.6682926829268293,0.7551892551892552,0.7533136866746252,,0.6487804651260376,,0.7551892551892552,,,,0.6739704940567566,,,,,,0.812645435333252,0.4,,2.4916490535020948e-05,,,,AdamW,0.0007036986373528,19.0,,,16,2,256.0,512.0,,"InceptionResNetV2 | dl:2, du1:256, du2:512, dr:0.4, opt:AdamW, lr:0.0007036986373528244, wd:2.4916490535020948e-05, bs:16",InceptionResNetV2,True,hyperparameter_optimization,40.0,completed
a498f50712394b71be6c40bd8e0bdd3a,2,FAILED,2026-08-05 19:21:26.367000+00:00,2026-08-05 19:41:25.281000+00:00,,,,,,,,,,,,,,,,,,1.2472275495529177,,,,,,,1.15209698677063,,,,,,,,,,,,,,,,,,,,,,,,,,0.4932844936847687,,,,,,,,0.5707316994667053,,,,,,,,,,,,,0.5,,0.0001287457607432,,,,AdamW,1.237551652474726e-05,8.0,,,32,1,512.0,,,"InceptionResNetV2 | dl:1, du1:512, dr:0.5, opt:AdamW, lr:1.237551652474726e-05, wd:0.00012874576074322564, bs:32",InceptionResNetV2,True,hyperparameter_optimization,39.0,pruned
17230e13f19242c5b5519432b3f42aa3,2,FAILED,2026-08-05 19:03:31.704000+00:00,2026-08-05 19:21:24.861000+00:00,,,,,,,,,,,,,,,,,,0.9230079650878906,,,,,,,0.8698939681053162,,,,,,,,,,,,,,,,,,,,,,,,,,0.6111111044883728,,,,,,,,0.6243902444839478,,,,,,,,,,,,,0.4,,,,,,Adam,0.0009129403330183,9.0,,,16,2,128.0,128.0,,"InceptionResNetV2 | dl:2, du1:128, du2:128, dr:0.4, opt:Adam, lr:0.0009129403330183016, bs:16",InceptionResNetV2,True,hyperparameter_optimization,38.0,pruned
63aa3210cf34471b8e82ff681c9eba2d,2,FINISHED,2026-08-05 18:05:25+00:00,2026-08-05 19:03:30.591000+00:00,,,,,,,,,,,,,,,,,,0.5244895219802856,,,,,0.6487804878048781,,0.8469828367233276,,,,,,,,,,,,,,,,0.6516769879576645,,,,,,,,,,0.7954822778701782,0.8090988961619698,,,0.6487804878048781,0.8064713064713065,0.8066788530414726,,0.6634146571159363,,0.8064713064713065,,,,0.6567223352672699,,,,,,0.8223038911819458,0.5,,1.2793415847024832e-06,,,,AdamW,0.0002817778672181,27.0,,,16,2,512.0,256.0,,"InceptionResNetV2 | dl:2, du1:512, du2:256, dr:0.5, opt:AdamW, lr:0.0002817778672181819, wd:1.2793415847024832e-06, bs:16",InceptionResNetV2,True,hyperparameter_optimization,37.0,completed
6e388bbd859a43f980a5c2c5b9e3d679,2,FINISHED,2026-08-05 16:59:09.803000+00:00,2026-08-05 18:05:23.603000+00:00,,,,,,,,,,,,,,,,,,0.4781376421451568,,,,,0.6463414634146342,,0.868523120880127,,,,,,,,,,,,,,,,0.647267017170948,,,,,,,,,,0.8144078254699707,0.8233376991918193,,,0.6463414634146342,0.818070818070818,0.817213499724514,,0.6560975313186646,,0.818070818070818,,,,0.6490583932706278,,,,,,0.8058837652206421,0.4,,4.853370746242944e-05,,,,AdamW,0.0009942086397248,25.0,,,32,2,512.0,512.0,,"InceptionResNetV2 | dl:2, du1:512, du2:512, dr:0.4, opt:AdamW, lr:0.000994208639724888, wd:4.853370746242944e-05, bs:32",InceptionResNetV2,True,hyperparameter_optimization,36.0,completed
e8de59d20ce544d4b1502fa3a38f5919,2,RUNNING,2026-08-05 08:07:29.610000+00:00,,,,,,,,,,,,,,,,,,,0.5035591721534729,,,,,,,0.8271666169166565,,,,,,,,,,,,,,,,,,,,,,,,,,0.8040292859077454,,,,,,,,0.6634146571159363,,,,,,,,,,,,,0.4,,5.485634230183855e-05,,,,AdamW,0.0002627388364855,25.0,,,32,2,512.0,512.0,,"InceptionResNetV2 | dl:2, du1:512, du2:512, dr:0.4, opt:AdamW, lr:0.0002627388364855417, wd:5.485634230183855e-05, bs:32",InceptionResNetV2,True,hyperparameter_optimization,35.0,
93dd8a243ae2417c8fa349a444eb41a6,2,FAILED,2026-08-05 07:49:23.154000+00:00,2026-08-05 08:07:28.228000+00:00,,,,,,,,,,,,,,,,,,0.9398986101150512,,,,,,,0.8993659615516663,,,,,,,,,,,,,,,,,,,,,,,,,,0.6172161102294922,,,,,,,,0.6317073106765747,,,,,,,,,,,,,0.5,,4.025201263032469e-06,,,,AdamW,0.0006029806689296,9.0,,,16,2,128.0,512.0,,"InceptionResNetV2 | dl:2, du1:128, du2:512, dr:0.5, opt:AdamW, lr:0.0006029806689296597, wd:4.025201263032469e-06, bs:16",InceptionResNetV2,True,hyperparameter_optimization,34.0,pruned
5b807a6695a7484d989b7469fdf30aa9,2,FINISHED,2026-08-05 06:54:37.187000+00:00,2026-08-05 07:49:21.832000+00:00,,,,,,,,,,,,,,,,,,0.5326282382011414,,,,,0.6560975609756098,,0.846605122089386,,,,,,,,,,,,,,,,0.6580640739252,,,,,,,,,,0.7857142686843872,0.8063955995061024,,,0.6560975609756098,0.7948717948717948,0.7955286812458204,,0.6634146571159363,,0.7948717948717948,,,,0.6657561849911018,,,,,,0.8266245126724243,0.5,,1.3921764477361778e-05,,,,AdamW,0.0005875630121599,25.0,,,16,2,512.0,512.0,,"InceptionResNetV2 | dl:2, du1:512, du2:512, dr:0.5, opt:AdamW, lr:0.0005875630121599491, wd:1.3921764477361778e-05, bs:16",InceptionResNetV2,True,hyperparameter_optimization,33.0,completed
f44e498029bc44ddbcf6536273151006,2,FINISHED,2026-08-05 05:45:21.772000+00:00,2026-08-05 06:54:35.907000+00:00,,,,,,,,,,,,,,,,,,0.5279714465141296,,,,,0.6609756097560976,,0.8207902908325195,,,,,,,,,,,,,,,,0.6630254668770318,,,,,,,,,,0.7851037979125977,0.8280398658944643,,,0.6609756097560976,0.8235653235653235,0.8228552476374686,,0.6609756350517273,,0.8235653235653235,,,,0.6688713687212847,,,,,,0.7891027927398682,0.5,,1.0257195259906602e-05,,,,AdamW,0.0009365375333453,32.0,,,16,2,512.0,512.0,,"InceptionResNetV2 | dl:2, du1:512, du2:512, dr:0.5, opt:AdamW, lr:0.0009365375333453727, wd:1.0257195259906602e-05, bs:16",InceptionResNetV2,True,hyperparameter_optimization,32.0,completed
824d2c1f91f2473d9d5fc084ba62e928,2,FAILED,2026-08-05 05:29:16.666000+00:00,2026-08-05 05:45:20.401000+00:00,,,,,,,,,,,,,,,,,,1.4830832481384275,,,,,,,1.2350497245788574,,,,,,,,,,,,,,,,,,,,,,,,,,0.3968254029750824,,,,,,,,0.5658536553382874,,,,,,,,,,,,,0.5,,7.72320332187177e-07,,,,AdamW,4.376622342802501e-05,8.0,,,16,0,,,,"InceptionResNetV2 | dl:0, dr:0.5, opt:AdamW, lr:4.376622342802501e-05, wd:7.72320332187177e-07, bs:16",InceptionResNetV2,True,hyperparameter_optimization,31.0,pruned
81c91121169748a5a74e5495708a9e7b,2,FAILED,2026-08-05 05:13:11.670000+00:00,2026-08-05 05:29:15.478000+00:00,,,,,,,,,,,,,,,,,,1.095014572143555,,,,,,,0.9679409265518188,,,,,,,,,,,,,,,,,,,,,,,,,,0.5573870539665222,,,,,,,,0.6243902444839478,,,,,,,,,,,,,0.4,,,,,,Adam,4.042616317830947e-05,8.0,,,16,2,512.0,64.0,,"InceptionResNetV2 | dl:2, du1:512, du2:64, dr:0.4, opt:Adam, lr:4.042616317830947e-05, bs:16",InceptionResNetV2,True,hyperparameter_optimization,30.0,pruned
8f328774bfdb44d5b2f6b34133fa935b,2,FAILED,2026-08-05 04:56:57.586000+00:00,2026-08-05 05:13:10.348000+00:00,,,,,,,,,,,,,,,,,,0.79204261302948,,,,,,,0.9566451907157898,,,,,,,,,,,,,,,,,,,,,,,,,,0.6831501722335815,,,,,,,,0.6170731782913208,,,,,,,,,,,,,0.5,,5.292275933015485e-06,,,,AdamW,9.611964428115968e-05,8.0,,,16,1,512.0,,,"InceptionResNetV2 | dl:1, du1:512, dr:0.5, opt:AdamW, lr:9.611964428115969e-05, wd:5.2922759330154854e-06, bs:16",InceptionResNetV2,True,hyperparameter_optimization,29.0,pruned
1afc5bbe305e46c4836aef0b155f4bc7,2,FAILED,2026-08-05 04:30:50.640000+00:00,2026-08-05 04:56:56.238000+00:00,,,,,,,,,,,,,,,,,,0.6616503596305847,,,,,,,0.8586462140083313,,,,,,,,,,,,,,,,,,,,,,,,,,0.7332112193107605,,,,,,,,0.6146341562271118,,,,,,,,,,,,,0.4,,5.2265891927448384e-05,,,,AdamW,0.0002889679338874,13.0,,,16,2,512.0,512.0,,"InceptionResNetV2 | dl:2, du1:512, du2:512, dr:0.4, opt:AdamW, lr:0.0002889679338874794, wd:5.2265891927448384e-05, bs:16",InceptionResNetV2,True,hyperparameter_optimization,28.0,pruned
ae664da0e35543dd97f66624286588f1,2,FAILED,2026-08-05 04:12:09.332000+00:00,2026-08-05 04:30:49.160000+00:00,,,,,,,,,,,,,,,,,,0.8892084360122681,,,,,,,0.8971985578536987,,,,,,,,,,,,,,,,,,,,,,,,,,0.6196581125259399,,,,,,,,0.6121951341629028,,,,,,,,,,,,,0.5,,,,,,Adam,0.0009836657799827,9.0,,,16,2,256.0,512.0,,"InceptionResNetV2 | dl:2, du1:256, du2:512, dr:0.5, opt:Adam, lr:0.000983665779982783, bs:16",InceptionResNetV2,True,hyperparameter_optimization,27.0,pruned
b5206b9cb0bd4c26be5eea09b2917651,2,FINISHED,2026-08-05 03:21:33.234000+00:00,2026-08-05 04:12:08.044000+00:00,,,,,,,,,,,,,,,,,,0.4698925018310547,,,,,0.6609756097560976,,0.8494231700897217,,,,,,,,,,,,,,,,0.6604275842750803,,,,,,,,,,0.8162392973899841,0.7978688795755567,,,0.6609756097560976,0.7869352869352869,0.7869418386116749,,0.6804878115653992,,0.7869352869352869,,,,0.6714437565457282,,,,,,0.8061758875846863,0.4,,6.142098816429653e-06,,,,AdamW,0.0005422316352158,23.0,,,16,2,512.0,512.0,,"InceptionResNetV2 | dl:2, du1:512, du2:512, dr:0.4, opt:AdamW, lr:0.0005422316352158951, wd:6.142098816429653e-06, bs:16",InceptionResNetV2,True,hyperparameter_optimization,26.0,completed
7af70727f9c747898b81d0550a44e6ee,2,FINISHED,2026-08-05 02:11:04.845000+00:00,2026-08-05 03:21:31.687000+00:00,,,,,,,,,,,,,,,,,,0.5751304626464844,,,,,0.6731707317073171,,0.8430959582328796,,,,,,,,,,,,,,,,0.6698885557872574,,,,,,,,,,0.7722832560539246,0.8049364890920472,,,0.6731707317073171,0.8034188034188035,0.7993454609038161,,0.6756097674369812,,0.8034188034188035,,,,0.6719255981190261,,,,,,0.8136710524559021,0.5,,7.875771702039501e-07,,,,AdamW,0.0009761264562751,33.0,,,16,2,512.0,128.0,,"InceptionResNetV2 | dl:2, du1:512, du2:128, dr:0.5, opt:AdamW, lr:0.0009761264562751815, wd:7.875771702039501e-07, bs:16",InceptionResNetV2,True,hyperparameter_optimization,25.0,completed
e680f7b2f93645a995e9e59b9fd6a7fe,2,FINISHED,2026-08-05 00:58:09.937000+00:00,2026-08-05 02:11:03.339000+00:00,,,,,,,,,,,,,,,,,,0.5386109352111816,,,,,0.6609756097560976,,0.8129951357841492,,,,,,,,,,,,,,,,0.6587258676643545,,,,,,,,,,0.7991452813148499,0.8305233437036196,,,0.6609756097560976,0.8284493284493285,0.8267592390042336,,0.6804878115653992,,0.8284493284493285,,,,0.6597106258864504,,,,,,0.8081900477409363,0.5,,6.232717066189769e-05,,,,AdamW,0.0001361309985863,34.0,,,16,2,512.0,512.0,,"InceptionResNetV2 | dl:2, du1:512, du2:512, dr:0.5, opt:AdamW, lr:0.00013613099858633524, wd:6.232717066189769e-05, bs:16",InceptionResNetV2,True,hyperparameter_optimization,24.0,completed
a305bdbb72ac4ab0a8d2c61fb15618e8,2,FAILED,2026-08-05 00:29:52.049000+00:00,2026-08-05 00:58:08.479000+00:00,,,,,,,,,,,,,,,,,,0.7707659006118774,,,,,,,0.8621969819068909,,,,,,,,,,,,,,,,,,,,,,,,,,0.6807081699371338,,,,,,,,0.6463414430618286,,,,,,,,,,,,,0.5,,5.565090142279162e-06,,,,AdamW,0.0004722267179839,14.0,,,16,2,512.0,512.0,,"InceptionResNetV2 | dl:2, du1:512, du2:512, dr:0.5, opt:AdamW, lr:0.0004722267179839677, wd:5.565090142279162e-06, bs:16",InceptionResNetV2,True,hyperparameter_optimization,23.0,pruned
3fd9621419a94b318168589cbdb0d5b8,2,FINISHED,2026-08-04 23:25:29.176000+00:00,2026-08-05 00:29:50.553000+00:00,,,,,,,,,,,,,,,,,,0.5452821850776672,,,,,0.6585365853658537,,0.8112903237342834,,,,,,,,,,,,,,,,0.6557557452210969,,,,,,,,,,0.7869352698326111,0.8082376206674293,,,0.6585365853658537,0.8040293040293041,0.8013186619907346,,0.6560975313186646,,0.8040293040293041,,,,0.6567419451972298,,,,,,0.791522204875946,0.5,,9.510626730453652e-06,,,,AdamW,0.0009202592920301,30.0,,,16,2,512.0,512.0,,"InceptionResNetV2 | dl:2, du1:512, du2:512, dr:0.5, opt:AdamW, lr:0.0009202592920301748, wd:9.510626730453652e-06, bs:16",InceptionResNetV2,True,hyperparameter_optimization,22.0,completed
2eb98b7d22794f4b8e4a627eb96e5c06,2,FAILED,2026-08-04 23:09:18.804000+00:00,2026-08-04 23:25:27.495000+00:00,,,,,,,,,,,,,,,,,,1.014340877532959,,,,,,,0.9368924498558044,,,,,,,,,,,,,,,,,,,,,,,,,,0.593406617641449,,,,,,,,0.6341463327407837,,,,,,,,,,,,,0.5,,2.2135593933755026e-07,,,,AdamW,0.0003467747361045,8.0,,,16,2,512.0,64.0,,"InceptionResNetV2 | dl:2, du1:512, du2:64, dr:0.5, opt:AdamW, lr:0.0003467747361045379, wd:2.2135593933755026e-07, bs:16",InceptionResNetV2,True,hyperparameter_optimization,21.0,pruned
b3f6ee7dcebb49ef904714ba81d72f99,2,FINISHED,2026-08-04 22:10:43.591000+00:00,2026-08-04 23:09:17.224000+00:00,,,,,,,,,,,,,,,,,,0.507271945476532,,,,,0.651219512195122,,0.8541179299354553,,,,,,,,,,,,,,,,0.650102318808215,,,,,,,,,,0.7899878025054932,0.8235567238823162,,,0.651219512195122,0.8192918192918193,0.8178458276204238,,0.6682927012443542,,0.8192918192918193,,,,0.6560840844513137,,,,,,0.8101372718811035,0.4,,2.3761634116826698e-06,,,,AdamW,0.0004018369462316,27.0,,,16,2,256.0,512.0,,"InceptionResNetV2 | dl:2, du1:256, du2:512, dr:0.4, opt:AdamW, lr:0.00040183694623162114, wd:2.3761634116826698e-06, bs:16",InceptionResNetV2,True,hyperparameter_optimization,20.0,completed
025dbd4c727f41d387ee244235cd08b7,2,FAILED,2026-08-04 21:52:34.145000+00:00,2026-08-04 22:10:41.810000+00:00,,,,,,,,,,,,,,,,,,0.7860032916069031,,,,,,,0.887341320514679,,,,,,,,,,,,,,,,,,,,,,,,,,0.6819291710853577,,,,,,,,0.6414633989334106,,,,,,,,,,,,,0.3,,0.000138108766701,,,,AdamW,6.658547315462709e-05,9.0,,,16,2,512.0,512.0,,"InceptionResNetV2 | dl:2, du1:512, du2:512, dr:0.30000000000000004, opt:AdamW, lr:6.658547315462709e-05, wd:0.0001381087667010682, bs:16",InceptionResNetV2,True,hyperparameter_optimization,19.0,pruned
3ac0cfa3c34d4d4083faf11923d08abf,2,FAILED,2026-08-04 21:36:29.171000+00:00,2026-08-04 21:52:32.714000+00:00,,,,,,,,,,,,,,,,,,0.9794763326644896,,,,,,,0.9740049839019777,,,,,,,,,,,,,,,,,,,,,,,,,,0.6141636371612549,,,,,,,,0.6097561120986938,,,,,,,,,,,,,0.5,,0.0003513574306984,,,,AdamW,0.0003814774960623,8.0,,,16,0,,,,"InceptionResNetV2 | dl:0, dr:0.5, opt:AdamW, lr:0.00038147749606236986, wd:0.00035135743069843287, bs:16",InceptionResNetV2,True,hyperparameter_optimization,18.0,pruned
3c5244561ccc43b69621ecc5a630c05d,2,FAILED,2026-08-04 21:20:18.407000+00:00,2026-08-04 21:36:27.941000+00:00,,,,,,,,,,,,,,,,,,1.1296751499176023,,,,,,,1.0142862796783447,,,,,,,,,,,,,,,,,,,,,,,,,,0.5409035682678223,,,,,,,,0.5926828980445862,,,,,,,,,,,,,0.5,,1.6308200081663438e-06,,,,AdamW,7.843089381667477e-05,8.0,,,16,2,512.0,64.0,,"InceptionResNetV2 | dl:2, du1:512, du2:64, dr:0.5, opt:AdamW, lr:7.843089381667477e-05, wd:1.6308200081663438e-06, bs:16",InceptionResNetV2,True,hyperparameter_optimization,17.0,pruned
87dd8b52cc164803aea7f13280ed2db1,2,FINISHED,2026-08-04 20:33:47.303000+00:00,2026-08-04 21:20:16.926000+00:00,,,,,,,,,,,,,,,,,,0.5883437395095825,,,,,0.6439024390243903,,0.8481772541999817,,,,,,,,,,,,,,,,0.6418388213984149,,,,,,,,,,0.7680097818374634,0.7679776568456187,,,0.6439024390243903,0.7680097680097681,0.7654126063673581,,0.6658536791801453,,0.7680097680097681,,,,0.642196342305038,,,,,,0.8180957436561584,0.5,,2.1800467968677944e-06,,,,AdamW,0.0001955818801958,21.0,,,16,2,512.0,512.0,,"InceptionResNetV2 | dl:2, du1:512, du2:512, dr:0.5, opt:AdamW, lr:0.00019558188019587575, wd:2.1800467968677944e-06, bs:16",InceptionResNetV2,True,hyperparameter_optimization,16.0,completed
6793f6b66a294abea32b1a187649a2f1,2,FINISHED,2026-08-04 19:35:04.519000+00:00,2026-08-04 20:33:45.739000+00:00,,,,,,,,,,,,,,,,,,0.5444086790084839,,,,,0.651219512195122,,0.8301212787628174,,,,,,,,,,,,,,,,0.6500137674243456,,,,,,,,,,0.7967032790184021,0.8127597923006984,,,0.651219512195122,0.8083028083028083,0.8073886704533566,,0.6585366129875183,,0.8083028083028083,,,,0.6537810769501016,,,,,,0.813143789768219,0.5,,5.337570742714176e-07,,,,AdamW,0.0001770964975521,27.0,,,16,2,512.0,512.0,,"InceptionResNetV2 | dl:2, du1:512, du2:512, dr:0.5, opt:AdamW, lr:0.00017709649755218442, wd:5.337570742714176e-07, bs:16",InceptionResNetV2,True,hyperparameter_optimization,15.0,completed
8dbb012e8f2b4ae7b258988cb6bac1ee,2,FINISHED,2026-08-04 18:35:38.861000+00:00,2026-08-04 19:35:02.989000+00:00,,,,,,,,,,,,,,,,,,0.5131809711456299,,,,,0.6926829268292682,,0.8334829211235046,,,,,,,,,,,,,,,,0.6894993582279659,,,,,,,,,,0.7948718070983887,0.8080352065329252,,,0.6926829268292682,0.8089133089133089,0.805499419804739,,0.6658536791801453,,0.8089133089133089,,,,0.694793237990876,,,,,,0.7949032783508301,0.5,,1.938401325251141e-06,,,,AdamW,0.0002165899851643,27.0,,,16,2,512.0,512.0,,"InceptionResNetV2 | dl:2, du1:512, du2:512, dr:0.5, opt:AdamW, lr:0.00021658998516438537, wd:1.9384013252511414e-06, bs:16",InceptionResNetV2,True,hyperparameter_optimization,14.0,completed
5d9d4f4ffbe34526915e4c8295909ba9,2,FINISHED,2026-08-04 17:37:02.164000+00:00,2026-08-04 18:35:37.181000+00:00,,,,,,,,,,,,,,,,,,0.583342432975769,,,,,0.6560975609756098,,0.8121263384819031,,,,,,,,,,,,,,,,0.656856692012693,,,,,,,,,,0.7655677795410156,0.8152864063004838,,,0.6560975609756098,0.8113553113553114,0.8116332308968339,,0.6658536791801453,,0.8113553113553114,,,,0.6601481291580257,,,,,,0.7981563210487366,0.5,,1.221839123616926e-05,,,,AdamW,0.0009276283323572,27.0,,,16,2,512.0,512.0,,"InceptionResNetV2 | dl:2, du1:512, du2:512, dr:0.5, opt:AdamW, lr:0.0009276283323572035, wd:1.221839123616926e-05, bs:16",InceptionResNetV2,True,hyperparameter_optimization,13.0,completed
a66ef58783784f31b492e07e685cdb69,2,FINISHED,2026-08-04 16:18:17.612000+00:00,2026-08-04 17:37:00.734000+00:00,,,,,,,,,,,,,,,,,,0.501039445400238,,,,,0.6731707317073171,,0.8172984719276428,,,,,,,,,,,,,,,,0.6678181226867006,,,,,,,,,,0.8003662824630737,0.8307028230436698,,,0.6731707317073171,0.8253968253968254,0.8222959159404942,,0.6658536791801453,,0.8253968253968254,,,,0.6708953134757595,,,,,,0.7955573797225952,0.5,,1.1559510104542444e-05,,,,AdamW,0.0009043055914927,37.0,,,16,2,512.0,512.0,,"InceptionResNetV2 | dl:2, du1:512, du2:512, dr:0.5, opt:AdamW, lr:0.0009043055914927877, wd:1.1559510104542444e-05, bs:16",InceptionResNetV2,True,hyperparameter_optimization,12.0,completed
74b45e82d538423f9b2fb7034aae7028,2,FAILED,2026-08-04 15:58:16.852000+00:00,2026-08-04 16:18:15.948000+00:00,,,,,,,,,,,,,,,,,,1.5382736921310425,,,,,,,1.4163682460784912,,,,,,,,,,,,,,,,,,,,,,,,,,0.380952388048172,,,,,,,,0.4756097495555877,,,,,,,,,,,,,0.3,,0.0042822509775751,,,,AdamW,3.664762714724702e-05,8.0,,,32,0,,,,"InceptionResNetV2 | dl:0, dr:0.30000000000000004, opt:AdamW, lr:3.664762714724702e-05, wd:0.004282250977575124, bs:32",InceptionResNetV2,True,hyperparameter_optimization,11.0,pruned
444947b38c694b3c953b1da9ed34b076,2,FAILED,2026-08-04 15:38:17.937000+00:00,2026-08-04 15:58:15.455000+00:00,,,,,,,,,,,,,,,,,,1.61652934551239,,,,,,,1.5575069189071655,,,,,,,,,,,,,,,,,,,,,,,,,,0.3229548335075378,,,,,,,,0.4170731604099273,,,,,,,,,,,,,0.3,,,,,,Adam,2.4152693847080165e-05,8.0,,,32,2,64.0,128.0,,"InceptionResNetV2 | dl:2, du1:64, du2:128, dr:0.30000000000000004, opt:Adam, lr:2.4152693847080165e-05, bs:32",InceptionResNetV2,True,hyperparameter_optimization,10.0,pruned
4ebf41533c014c479e79cf61acd9cbaa,2,FAILED,2026-08-04 15:18:16.253000+00:00,2026-08-04 15:38:16.573000+00:00,,,,,,,,,,,,,,,,,,1.3332394361495972,,,,,,,1.2358506917953491,,,,,,,,,,,,,,,,,,,,,,,,,,0.4932844936847687,,,,,,,,0.5463414788246155,,,,,,,,,,,,,0.2,,,,,,Adam,1.3622410783931968e-05,8.0,,,32,1,128.0,,,"InceptionResNetV2 | dl:1, du1:128, dr:0.2, opt:Adam, lr:1.3622410783931968e-05, bs:32",InceptionResNetV2,True,hyperparameter_optimization,9.0,pruned
cfb6f17b7e4640eda043c10a62d400d0,2,FINISHED,2026-08-04 13:48:05.565000+00:00,2026-08-04 15:18:15.091000+00:00,,,,,,,,,,,,,,,,,,0.7001445889472961,,,,,0.6560975609756098,,0.8224299550056458,,,,,,,,,,,,,,,,0.6542442503412143,,,,,,,,,,0.7142857313156128,0.8070595677639643,,,0.6560975609756098,0.8034188034188035,0.8009492545115403,,0.6658536791801453,,0.8034188034188035,,,,0.6592969059987636,,,,,,0.8188074827194214,0.5,,1.2408709217378583e-05,,,,AdamW,0.0006492284276816,43.0,,,16,1,64.0,,,"InceptionResNetV2 | dl:1, du1:64, dr:0.5, opt:AdamW, lr:0.0006492284276816792, wd:1.2408709217378583e-05, bs:16",InceptionResNetV2,True,hyperparameter_optimization,8.0,completed
6cfd76fb4d0e4b7688e233fbfa098c64,2,FINISHED,2026-08-04 11:58:04.164000+00:00,2026-08-04 13:48:04.260000+00:00,,,,,,,,,,,,,,,,,,0.6638799905776978,,,,,0.6609756097560976,,0.8461087942123413,,,,,,,,,,,,,,,,0.6593544194324609,,,,,,,,,,0.7472527623176575,0.8081945608516468,,,0.6609756097560976,0.8058608058608059,0.804095686245319,,0.6609756350517273,,0.8058608058608059,,,,0.6594380574672822,,,,,,0.8366311192512512,0.5,,0.0007684617650615,,,,AdamW,0.0002135811603294,53.0,,,16,1,64.0,,,"InceptionResNetV2 | dl:1, du1:64, dr:0.5, opt:AdamW, lr:0.00021358116032948408, wd:0.0007684617650615006, bs:16",InceptionResNetV2,True,hyperparameter_optimization,7.0,completed
7d2578ef0377458babc329f932f2f74d,2,FINISHED,2026-08-04 10:13:46.434000+00:00,2026-08-04 11:58:02.875000+00:00,,,,,,,,,,,,,,,,,,0.8182100057601929,,,,,0.6365853658536585,,0.9173439741134644,,,,,,,,,,,,,,,,0.6363331317196761,,,,,,,,,,0.6886447072029114,0.7385835189569899,,,0.6365853658536585,0.7332112332112332,0.7306026688734719,,0.6365853548049927,,0.7332112332112332,,,,0.6436761889419054,,,,,,0.9143899083137512,0.4,,1.2064349043122845e-07,,,,AdamW,1.621924770154008e-05,50.0,,,16,1,256.0,,,"InceptionResNetV2 | dl:1, du1:256, dr:0.4, opt:AdamW, lr:1.621924770154008e-05, wd:1.2064349043122843e-07, bs:16",InceptionResNetV2,True,hyperparameter_optimization,6.0,completed
62f7060ebab2406490a3123f39d512c5,2,FINISHED,2026-08-04 08:33:12.484000+00:00,2026-08-04 10:13:45.005000+00:00,,,,,,,,,,,,,,,,,,0.6035888195037842,,,,,0.651219512195122,,0.8635280132293701,,,,,,,,,,,,,,,,0.6486266670926975,,,,,,,,,,0.7728937864303589,0.7977008971807873,,,0.651219512195122,0.793040293040293,0.7904440850878999,,0.6439024209976196,,0.793040293040293,,,,0.6498926618117244,,,,,,0.8535404801368713,0.2,,,,,,Adam,0.0001904323445876,39.0,,,32,1,64.0,,,"InceptionResNetV2 | dl:1, du1:64, dr:0.2, opt:Adam, lr:0.0001904323445876234, bs:32",InceptionResNetV2,True,hyperparameter_optimization,5.0,completed
29723479bac247f58a0c1f5d3aeeb27a,2,FINISHED,2026-08-04 07:13:45.811000+00:00,2026-08-04 08:33:11.396000+00:00,,,,,,,,,,,,,,,,,,0.6341218948364258,,,,,0.6390243902439025,,0.8287463784217834,,,,,,,,,,,,,,,,0.6318993336352461,,,,,,,,,,0.7466422319412231,0.8020192833803443,,,0.6390243902439025,0.793040293040293,0.7893090201059696,,0.6512194871902466,,0.793040293040293,,,,0.6347859760991713,,,,,,0.8267521262168884,0.4,,2.4154715683457484e-05,,,,AdamW,0.0007923381888158,30.0,,,32,2,64.0,256.0,,"InceptionResNetV2 | dl:2, du1:64, du2:256, dr:0.4, opt:AdamW, lr:0.0007923381888158849, wd:2.4154715683457484e-05, bs:32",InceptionResNetV2,True,hyperparameter_optimization,4.0,completed
ec186093b2714e90954358cec530ac22,2,FINISHED,2026-08-04 06:07:25.378000+00:00,2026-08-04 07:13:44.464000+00:00,,,,,,,,,,,,,,,,,,0.543188214302063,,,,,0.6609756097560976,,0.8471966981887817,,,,,,,,,,,,,,,,0.6587346284048131,,,,,,,,,,0.7948718070983887,0.8206562775269184,,,0.6609756097560976,0.8211233211233211,0.8179636338507608,,0.6463414430618286,,0.8211233211233211,,,,0.6592602931115453,,,,,,0.8382909297943115,0.4,,,,,,Adam,0.0001868263937872,31.0,,,16,1,128.0,,,"InceptionResNetV2 | dl:1, du1:128, dr:0.4, opt:Adam, lr:0.00018682639378722106, bs:16",InceptionResNetV2,True,hyperparameter_optimization,3.0,completed
70983b57a4ea4326812634349b10f200,2,RUNNING,2026-08-04 02:41:33.485000+00:00,,,,,,,,,,,,,,,,,,,0.6333267688751221,,,,,,,0.8760389089584351,,,,,,,,,,,,,,,,,,,,,,,,,,0.7460317611694336,,,,,,,,0.6414633989334106,,,,,,,,,,,,,0.2,,,,,,Adam,0.0001904323445876,36.0,,,32,1,64.0,,,"InceptionResNetV2 | dl:1, du1:64, dr:0.2, opt:Adam, lr:0.0001904323445876234, bs:32",InceptionResNetV2,True,hyperparameter_optimization,2.0,
52ce50cd51bb403c99dced67caefc2da,2,FINISHED,2026-08-04 01:14:18.810000+00:00,2026-08-04 02:41:32.314000+00:00,,,,,,,,,,,,,,,,,,0.6261355876922607,,,,,0.6536585365853659,,0.8345140218734741,,,,,,,,,,,,,,,,0.6490998195523505,,,,,,,,,,0.7551892399787903,0.8068052687293492,,,0.6536585365853659,0.8046398046398047,0.799802447059413,,0.6463414430618286,,0.8046398046398047,,,,0.6512956903964994,,,,,,0.8131749033927917,0.4,,2.4154715683457484e-05,,,,AdamW,0.0007923381888158,33.0,,,32,2,64.0,256.0,,"InceptionResNetV2 | dl:2, du1:64, du2:256, dr:0.4, opt:AdamW, lr:0.0007923381888158849, wd:2.4154715683457484e-05, bs:32",InceptionResNetV2,True,hyperparameter_optimization,1.0,completed
976bbb29c2034bd3bca38bc144cab203,2,FINISHED,2026-08-04 00:06:57.862000+00:00,2026-08-04 01:14:17.496000+00:00,,,,,,,,,,,,,,,,,,0.5216370224952698,,,,,0.6536585365853659,,0.8538221120834351,,,,,,,,,,,,,,,,0.6540362958184769,,,,,,,,,,0.807692289352417,0.815403383892832,,,0.6536585365853659,0.8137973137973138,0.8118340305710643,,0.6609756350517273,,0.8137973137973138,,,,0.6562125667876744,,,,,,0.8376570343971252,0.4,,,,,,Adam,0.0001868263937872,31.0,,,16,1,128.0,,,"InceptionResNetV2 | dl:1, du1:128, dr:0.4, opt:Adam, lr:0.00018682639378722106, bs:16",InceptionResNetV2,True,hyperparameter_optimization,0.0,completed
36d59d7f17284b72acf0abe630c236f7,2,FINISHED,2026-08-03 15:08:43.234000+00:00,2026-08-03 15:27:30.911000+00:00,,,,,,,,,,,,,,,,,,0.3056072890758514,,,,,0.7146341463414634,,0.8687949776649475,,,,,,,,,,,,,,,,0.7153322231784307,,,,,,,,,,0.8949939012527466,0.8448980748223186,,,0.7146341463414634,0.8266178266178266,0.8262334306754051,,0.699999988079071,,0.8266178266178266,,,,0.729571804020763,,,,,,0.7373943328857422,0.2,,,,,,Adam,0.0006124996564363,17.0,,,16,2,256.0,128.0,,"DenseNet121 | dl:2, du1:256, du2:128, dr:0.2, opt:Adam, lr:0.0006124996564363215, bs:16",DenseNet121,True,hyperparameter_optimization,103.0,completed
01e8949b76eb4301903469db8fa03d56,2,FAILED,2026-08-03 14:58:00.174000+00:00,2026-08-03 15:08:41.953000+00:00,,,,,,,,,,,,,,,,,,1.273152232170105,,,,,,,1.1560065746307373,,,,,,,,,,,,,,,,,,,,,,,,,,0.4615384638309479,,,,,,,,0.5268292427062988,,,,,,,,,,,,,0.2,,,,,,Adam,6.484900272377611e-05,8.0,,,32,2,32.0,128.0,,"DenseNet121 | dl:2, du1:32, du2:128, dr:0.2, opt:Adam, lr:6.484900272377611e-05, bs:32",DenseNet121,True,hyperparameter_optimization,102.0,pruned
a8dd79071dfa4fbbbde1aecb158cf441,2,FAILED,2026-08-03 14:50:13.575000+00:00,2026-08-03 14:57:58.841000+00:00,,,,,,,,,,,,,,,,,,0.7742734551429749,,,,,,,0.8477608561515808,,,,,,,,,,,,,,,,,,,,,,,,,,0.692307710647583,,,,,,,,0.6658536791801453,,,,,,,,,,,,,0.2,,,,,,Adam,0.000378916291728,8.0,,,16,2,32.0,128.0,,"DenseNet121 | dl:2, du1:32, du2:128, dr:0.2, opt:Adam, lr:0.00037891629172807613, bs:16",DenseNet121,True,hyperparameter_optimization,101.0,pruned
49403f6097b448c497ad0c22532dbb2b,2,FAILED,2026-08-03 14:41:26.345000+00:00,2026-08-03 14:50:12.336000+00:00,,,,,,,,,,,,,,,,,,0.685885488986969,,,,,,,0.7517907619476318,,,,,,,,,,,,,,,,,,,,,,,,,,0.7356532216072083,,,,,,,,0.7243902683258057,,,,,,,,,,,,,0.2,,,,,,Adam,0.0001863235701098,9.0,,,16,2,128.0,128.0,,"DenseNet121 | dl:2, du1:128, du2:128, dr:0.2, opt:Adam, lr:0.00018632357010988504, bs:16",DenseNet121,True,hyperparameter_optimization,100.0,pruned
f519edb6b1c74108b94df4a8f728f72d,2,FINISHED,2026-08-03 14:24:27.826000+00:00,2026-08-03 14:41:25.114000+00:00,,,,,,,,,,,,,,,,,,0.4135859608650207,,,,,0.7097560975609756,,0.7616637349128723,,,,,,,,,,,,,,,,0.7056792655834206,,,,,,,,,,0.8547008633613586,0.8056193106024908,,,0.7097560975609756,0.8015873015873016,0.801255967439906,,0.712195098400116,,0.8015873015873016,,,,0.7046028378702082,,,,,,0.7247987985610962,0.2,,,,,,Adam,0.0003354501679019,15.0,,,16,2,256.0,128.0,,"DenseNet121 | dl:2, du1:256, du2:128, dr:0.2, opt:Adam, lr:0.00033545016790196885, bs:16",DenseNet121,True,hyperparameter_optimization,99.0,completed
cadc469ab30c4590a1a678c0eafd28cd,2,FINISHED,2026-08-03 13:59:17.356000+00:00,2026-08-03 14:24:26.529000+00:00,,,,,,,,,,,,,,,,,,0.4713101685047149,,,,,0.6951219512195121,,0.7712898254394531,,,,,,,,,,,,,,,,0.6946041265159034,,,,,,,,,,0.8205128312110901,0.8348874932633568,,,0.6951219512195121,0.8321123321123322,0.83209232640195,,0.6951219439506531,,0.8321123321123322,,,,0.699883810094641,,,,,,0.7316805124282837,0.2,,,,,,Adam,0.0002114138355067,24.0,,,16,2,128.0,64.0,,"DenseNet121 | dl:2, du1:128, du2:64, dr:0.2, opt:Adam, lr:0.0002114138355067046, bs:16",DenseNet121,True,hyperparameter_optimization,98.0,completed
5379560e1ad64999a4547169fe0e1994,2,FAILED,2026-08-03 13:51:29.292000+00:00,2026-08-03 13:59:16.076000+00:00,,,,,,,,,,,,,,,,,,0.8657314777374268,,,,,,,0.7943305969238281,,,,,,,,,,,,,,,,,,,,,,,,,,0.66300368309021,,,,,,,,0.6902438998222351,,,,,,,,,,,,,0.2,,,,,,Adam,9.54536653167225e-05,8.0,,,16,2,128.0,128.0,,"DenseNet121 | dl:2, du1:128, du2:128, dr:0.2, opt:Adam, lr:9.54536653167225e-05, bs:16",DenseNet121,True,hyperparameter_optimization,97.0,pruned
7776417812374fdb9f97ccd36f7bbad4,2,FINISHED,2026-08-03 13:21:07.988000+00:00,2026-08-03 13:51:28.013000+00:00,,,,,,,,,,,,,,,,,,0.5133355259895325,,,,,0.7073170731707317,,0.7487607002258301,,,,,,,,,,,,,,,,0.7070049663232023,,,,,,,,,,0.811965823173523,0.8418251662495349,,,0.7073170731707317,0.8327228327228328,0.8332641251130282,,0.6853658556938171,,0.8327228327228328,,,,0.7097856171762904,,,,,,0.7331366539001465,0.2,,,,,,Adam,0.0001639961955842,29.0,,,16,2,128.0,128.0,,"DenseNet121 | dl:2, du1:128, du2:128, dr:0.2, opt:Adam, lr:0.00016399619558428737, bs:16",DenseNet121,True,hyperparameter_optimization,96.0,completed
2180af2a8a1a42909d6dcc97c1e26c17,2,FAILED,2026-08-03 13:04:37.926000+00:00,2026-08-03 13:21:06.814000+00:00,,,,,,,,,,,,,,,,,,0.5221812129020691,,,,,,,0.7660002112388611,,,,,,,,,,,,,,,,,,,,,,,,,,0.8021978139877319,,,,,,,,0.7219512462615967,,,,,,,,,,,,,0.2,,,,,,Adam,0.0002544008035821,17.0,,,16,2,128.0,128.0,,"DenseNet121 | dl:2, du1:128, du2:128, dr:0.2, opt:Adam, lr:0.0002544008035821181, bs:16",DenseNet121,True,hyperparameter_optimization,95.0,pruned
36918e8cd55d454ca295bd30c5d90f0a,2,FINISHED,2026-08-03 12:38:25.902000+00:00,2026-08-03 13:04:36.647000+00:00,,,,,,,,,,,,,,,,,,0.5817614793777466,,,,,0.7292682926829268,,0.7343352437019348,,,,,,,,,,,,,,,,0.7264833765637759,,,,,,,,,,0.781440794467926,0.8288078182252194,,,0.7292682926829268,0.8199023199023199,0.8202646325455999,,0.6878048777580261,,0.8199023199023199,,,,0.7258509469463743,,,,,,0.7211918234825134,0.2,,,,,,Adam,0.0001398340186695,25.0,,,16,2,128.0,128.0,,"DenseNet121 | dl:2, du1:128, du2:128, dr:0.2, opt:Adam, lr:0.00013983401866959617, bs:16",DenseNet121,True,hyperparameter_optimization,94.0,completed
71d5a4d2cfe54a30802f949589768e7d,2,FINISHED,2026-08-03 12:10:17.331000+00:00,2026-08-03 12:38:24.714000+00:00,,,,,,,,,,,,,,,,,,0.4834984242916107,,,,,0.7121951219512195,,0.7175417542457581,,,,,,,,,,,,,,,,0.7078120963009858,,,,,,,,,,0.8131868243217468,0.8365659907725768,,,0.7121951219512195,0.8302808302808303,0.8289643089284198,,0.709756076335907,,0.8302808302808303,,,,0.7086727428405932,,,,,,0.6972880363464355,0.2,,,,,,Adam,0.0001472092946415,27.0,,,16,2,128.0,128.0,,"DenseNet121 | dl:2, du1:128, du2:128, dr:0.2, opt:Adam, lr:0.0001472092946415711, bs:16",DenseNet121,True,hyperparameter_optimization,93.0,completed
ad1286aa5b7e47f49375d48ee3f37e3c,2,FINISHED,2026-08-03 11:51:39.685000+00:00,2026-08-03 12:10:16.118000+00:00,,,,,,,,,,,,,,,,,,0.5009771585464478,,,,,0.7024390243902439,,0.7541317939758301,,,,,,,,,,,,,,,,0.7031899487082023,,,,,,,,,,0.8040292859077454,0.821835995388267,,,0.7024390243902439,0.8070818070818071,0.8089575389985368,,0.7170731425285339,,0.8070818070818071,,,,0.7074954484803311,,,,,,0.7431515455245972,0.2,,,,,,Adam,0.000274347323293,17.0,,,16,2,128.0,128.0,,"DenseNet121 | dl:2, du1:128, du2:128, dr:0.2, opt:Adam, lr:0.00027434732329307155, bs:16",DenseNet121,True,hyperparameter_optimization,92.0,completed
58e56e6552994564900ca63dd6b2770a,2,FAILED,2026-08-03 11:43:47.110000+00:00,2026-08-03 11:51:38.456000+00:00,,,,,,,,,,,,,,,,,,0.884088397026062,,,,,,,0.82695072889328,,,,,,,,,,,,,,,,,,,,,,,,,,0.6550671458244324,,,,,,,,0.6463414430618286,,,,,,,,,,,,,0.2,,,,,,Adam,9.006757788934e-05,8.0,,,16,2,128.0,128.0,,"DenseNet121 | dl:2, du1:128, du2:128, dr:0.2, opt:Adam, lr:9.006757788934e-05, bs:16",DenseNet121,True,hyperparameter_optimization,91.0,pruned
a0c4362ad3a948e9b605c09cec763921,2,FINISHED,2026-08-03 11:21:29.366000+00:00,2026-08-03 11:43:45.897000+00:00,,,,,,,,,,,,,,,,,,0.4166123867034912,,,,,0.7146341463414634,,0.7721399068832397,,,,,,,,,,,,,,,,0.7101530564339217,,,,,,,,,,0.8485958576202393,0.825658589196127,,,0.7146341463414634,0.8199023199023199,0.8188952660997663,,0.707317054271698,,0.8199023199023199,,,,0.713726480730284,,,,,,0.7151186466217041,0.2,,,,,,Adam,0.0002739720046571,21.0,,,16,2,128.0,128.0,,"DenseNet121 | dl:2, du1:128, du2:128, dr:0.2, opt:Adam, lr:0.0002739720046571525, bs:16",DenseNet121,True,hyperparameter_optimization,90.0,completed
a99f91b1fb164aca92791bbf231aab42,2,FINISHED,2026-08-03 11:04:48.673000+00:00,2026-08-03 11:21:28.094000+00:00,,,,,,,,,,,,,,,,,,0.4554117619991302,,,,,0.6951219512195121,,0.7397975921630859,,,,,,,,,,,,,,,,0.689962696278684,,,,,,,,,,0.8296703100204468,0.8164964009574917,,,0.6951219512195121,0.8046398046398047,0.804216095576448,,0.6902438998222351,,0.8046398046398047,,,,0.6915153022607219,,,,,,0.7199004292488098,0.2,,,,,,Adam,0.0002839132515919,15.0,,,16,2,256.0,128.0,,"DenseNet121 | dl:2, du1:256, du2:128, dr:0.2, opt:Adam, lr:0.0002839132515919959, bs:16",DenseNet121,True,hyperparameter_optimization,89.0,completed
05f1b5333f4641ee805939fd05451ce0,2,FAILED,2026-08-03 10:57:02.585000+00:00,2026-08-03 11:04:47.435000+00:00,,,,,,,,,,,,,,,,,,0.9210802912712096,,,,,,,0.8276992440223694,,,,,,,,,,,,,,,,,,,,,,,,,,0.6471306681632996,,,,,,,,0.6682927012443542,,,,,,,,,,,,,0.2,,,,,,Adam,5.0955238678280186e-05,8.0,,,16,2,256.0,128.0,,"DenseNet121 | dl:2, du1:256, du2:128, dr:0.2, opt:Adam, lr:5.0955238678280186e-05, bs:16",DenseNet121,True,hyperparameter_optimization,88.0,pruned
80c0f7be431740ec944275df4ecce65f,2,FAILED,2026-08-03 10:49:13.028000+00:00,2026-08-03 10:57:01.388000+00:00,,,,,,,,,,,,,,,,,,0.7271817922592163,,,,,,,0.8147663474082947,,,,,,,,,,,,,,,,,,,,,,,,,,0.7167277336120605,,,,,,,,0.6682927012443542,,,,,,,,,,,,,0.2,,,,,,Adam,0.0001267509623763,8.0,,,16,2,256.0,128.0,,"DenseNet121 | dl:2, du1:256, du2:128, dr:0.2, opt:Adam, lr:0.00012675096237638005, bs:16",DenseNet121,True,hyperparameter_optimization,87.0,pruned
9553f63906b84e37a85a63b0de0617df,2,FAILED,2026-08-03 10:40:29.382000+00:00,2026-08-03 10:49:11.832000+00:00,,,,,,,,,,,,,,,,,,0.7310279607772827,,,,,,,0.7596498131752014,,,,,,,,,,,,,,,,,,,,,,,,,,0.7063491940498352,,,,,,,,0.6902438998222351,,,,,,,,,,,,,0.2,,,,,,Adam,0.0001159933644774,9.0,,,16,2,256.0,128.0,,"DenseNet121 | dl:2, du1:256, du2:128, dr:0.2, opt:Adam, lr:0.00011599336447741327, bs:16",DenseNet121,True,hyperparameter_optimization,86.0,pruned
2a41f993b7554f72a1c7aa36eef4a196,2,FINISHED,2026-08-03 10:14:14.841000+00:00,2026-08-03 10:40:28.069000+00:00,,,,,,,,,,,,,,,,,,0.4579254984855652,,,,,0.7195121951219512,,0.7398577332496643,,,,,,,,,,,,,,,,0.7168876416175739,,,,,,,,,,0.8253968358039856,0.838774732256946,,,0.7195121951219512,0.8229548229548229,0.8229324710445568,,0.704878032207489,,0.8229548229548229,,,,0.7206203997845836,,,,,,0.7151601910591125,0.2,,,,,,Adam,0.0001270216466325,25.0,,,16,2,256.0,128.0,,"DenseNet121 | dl:2, du1:256, du2:128, dr:0.2, opt:Adam, lr:0.00012702164663256615, bs:16",DenseNet121,True,hyperparameter_optimization,85.0,completed
0d5e97d2d8bf4d088d98680fb34b997e,2,FINISHED,2026-08-03 09:47:54.521000+00:00,2026-08-03 10:14:13.577000+00:00,,,,,,,,,,,,,,,,,,0.5154076218605042,,,,,0.7195121951219512,,0.7393835186958313,,,,,,,,,,,,,,,,0.7150822235173941,,,,,,,,,,0.8046398162841797,0.8309130681655833,,,0.7195121951219512,0.8235653235653235,0.8230805029787479,,0.707317054271698,,0.8235653235653235,,,,0.7164177339430945,,,,,,0.7122324109077454,0.2,,,,,,Adam,0.0001059219389961,25.0,,,16,2,256.0,128.0,,"DenseNet121 | dl:2, du1:256, du2:128, dr:0.2, opt:Adam, lr:0.00010592193899619989, bs:16",DenseNet121,True,hyperparameter_optimization,84.0,completed
013f5c27b69a4d31b73a0b731a8de891,2,FAILED,2026-08-03 09:40:08.657000+00:00,2026-08-03 09:47:53.323000+00:00,,,,,,,,,,,,,,,,,,0.8269098997116089,,,,,,,0.8100427389144897,,,,,,,,,,,,,,,,,,,,,,,,,,0.668498158454895,,,,,,,,0.6853658556938171,,,,,,,,,,,,,0.3,,0.0001351672773634,,,,AdamW,0.0005042760809578,8.0,,,16,0,,,,"DenseNet121 | dl:0, dr:0.30000000000000004, opt:AdamW, lr:0.0005042760809578988, wd:0.00013516727736348152, bs:16",DenseNet121,True,hyperparameter_optimization,83.0,pruned
29f00f9e365c443ca18f29f3698e800e,2,FINISHED,2026-08-03 09:04:31.580000+00:00,2026-08-03 09:40:07.552000+00:00,,,,,,,,,,,,,,,,,,0.5075913667678833,,,,,0.7146341463414634,,0.8505075573921204,,,,,,,,,,,,,,,,0.7093161236149041,,,,,,,,,,0.8064712882041931,0.8347568549891072,,,0.7146341463414634,0.8302808302808303,0.8297803700231863,,0.6853658556938171,,0.8302808302808303,,,,0.7073416714090448,,,,,,0.7260047197341919,0.2,,5.478391317383339e-05,,,,AdamW,0.0009432169955384,25.0,,,32,2,32.0,32.0,,"DenseNet121 | dl:2, du1:32, du2:32, dr:0.2, opt:AdamW, lr:0.0009432169955384549, wd:5.478391317383339e-05, bs:32",DenseNet121,True,hyperparameter_optimization,82.0,completed
db50762f21d24a5e88aeba5cddc876e6,2,FINISHED,2026-08-03 08:43:00.195000+00:00,2026-08-03 09:04:30.225000+00:00,,,,,,,,,,,,,,,,,,0.3241829872131347,,,,,0.6951219512195121,,0.8767021894454956,,,,,,,,,,,,,,,,0.6879316814990581,,,,,,,,,,0.8901098966598511,0.860107478451289,,,0.6951219512195121,0.8583638583638583,0.8570575372999119,,0.707317054271698,,0.8583638583638583,,,,0.6892826052717322,,,,,,0.7358778119087219,0.2,,0.0003366751373564,,,,AdamW,0.000354831860158,20.0,,,16,2,256.0,128.0,,"DenseNet121 | dl:2, du1:256, du2:128, dr:0.2, opt:AdamW, lr:0.0003548318601580166, wd:0.0003366751373564516, bs:16",DenseNet121,True,hyperparameter_optimization,81.0,completed
95f6026fb7424c249c89f7f78fb798b3,2,FAILED,2026-08-03 08:35:14.582000+00:00,2026-08-03 08:42:58.931000+00:00,,,,,,,,,,,,,,,,,,0.8742710947990417,,,,,,,0.8686746954917908,,,,,,,,,,,,,,,,,,,,,,,,,,0.6507936716079712,,,,,,,,0.6414633989334106,,,,,,,,,,,,,0.2,,0.0032054292248242,,,,AdamW,0.0007290881848987,8.0,,,16,2,32.0,32.0,,"DenseNet121 | dl:2, du1:32, du2:32, dr:0.2, opt:AdamW, lr:0.0007290881848987765, wd:0.003205429224824282, bs:16",DenseNet121,True,hyperparameter_optimization,80.0,pruned
746de531f49641fa97b2f8fcd0cb323e,2,FAILED,2026-08-03 08:26:29.811000+00:00,2026-08-03 08:35:13.184000+00:00,,,,,,,,,,,,,,,,,,0.6500798463821411,,,,,,,0.766988217830658,,,,,,,,,,,,,,,,,,,,,,,,,,0.7588522434234619,,,,,,,,0.714634120464325,,,,,,,,,,,,,0.2,,2.632079231338797e-07,,,,AdamW,0.0002760478562187,9.0,,,16,2,256.0,32.0,,"DenseNet121 | dl:2, du1:256, du2:32, dr:0.2, opt:AdamW, lr:0.0002760478562187869, wd:2.6320792313387967e-07, bs:16",DenseNet121,True,hyperparameter_optimization,79.0,pruned
cfdc5374c6414847b2827b3c0f87272d,2,FAILED,2026-08-03 08:18:40.296000+00:00,2026-08-03 08:26:28.380000+00:00,,,,,,,,,,,,,,,,,,0.870558500289917,,,,,,,0.8654908537864685,,,,,,,,,,,,,,,,,,,,,,,,,,0.6446886658668518,,,,,,,,0.6341463327407837,,,,,,,,,,,,,0.2,,0.0018082867005044,,,,AdamW,0.0004620344891791,8.0,,,16,2,32.0,32.0,,"DenseNet121 | dl:2, du1:32, du2:32, dr:0.2, opt:AdamW, lr:0.0004620344891791972, wd:0.0018082867005044343, bs:16",DenseNet121,True,hyperparameter_optimization,78.0,pruned
5bdf84f2e11d4e3fb51a256e114b2efb,2,FINISHED,2026-08-03 07:58:12.501000+00:00,2026-08-03 08:18:38.991000+00:00,,,,,,,,,,,,,,,,,,0.5772373080253601,,,,,0.7,,0.798596203327179,,,,,,,,,,,,,,,,0.6976608627647681,,,,,,,,,,0.7765567898750305,0.8000985020715505,,,0.7,0.7893772893772893,0.7888373376354132,,0.6926829218864441,,0.7893772893772893,,,,0.7038728499963199,,,,,,0.7434593439102173,0.2,,0.0008946433649049,,,,AdamW,0.0006417413383542,19.0,,,16,2,32.0,32.0,,"DenseNet121 | dl:2, du1:32, du2:32, dr:0.2, opt:AdamW, lr:0.0006417413383542642, wd:0.0008946433649049718, bs:16",DenseNet121,True,hyperparameter_optimization,77.0,completed
9338267a4ea04ee58b130cdb8a863cd6,2,FAILED,2026-08-03 07:49:17.373000+00:00,2026-08-03 07:58:11.137000+00:00,,,,,,,,,,,,,,,,,,0.7559736371040344,,,,,,,0.7888470888137817,,,,,,,,,,,,,,,,,,,,,,,,,,0.7026861906051636,,,,,,,,0.704878032207489,,,,,,,,,,,,,0.2,,0.0001834783680951,,,,AdamW,0.0008595421647391,9.0,,,16,2,32.0,32.0,,"DenseNet121 | dl:2, du1:32, du2:32, dr:0.2, opt:AdamW, lr:0.000859542164739116, wd:0.0001834783680951519, bs:16",DenseNet121,True,hyperparameter_optimization,76.0,pruned
277cc2b5a59f4e089b53bb05d0de3ff1,2,FINISHED,2026-08-03 07:28:50.454000+00:00,2026-08-03 07:49:16.017000+00:00,,,,,,,,,,,,,,,,,,0.5997829437255859,,,,,0.7073170731707317,,0.7409729957580566,,,,,,,,,,,,,,,,0.7076799399584381,,,,,,,,,,0.7765567898750305,0.8009355619453984,,,0.7073170731707317,0.7802197802197802,0.7842638698448012,,0.6634146571159363,,0.7802197802197802,,,,0.7138529324242526,,,,,,0.7166333198547363,0.2,,0.0014980917845633,,,,AdamW,0.0006113811559449,19.0,,,16,2,32.0,32.0,,"DenseNet121 | dl:2, du1:32, du2:32, dr:0.2, opt:AdamW, lr:0.0006113811559449376, wd:0.0014980917845633258, bs:16",DenseNet121,True,hyperparameter_optimization,75.0,completed
ba70d37813a342b98188ad68a8709274,2,FAILED,2026-08-03 07:19:53.994000+00:00,2026-08-03 07:28:49.015000+00:00,,,,,,,,,,,,,,,,,,0.5316591858863831,,,,,,,0.7924012541770935,,,,,,,,,,,,,,,,,,,,,,,,,,0.8009768128395081,,,,,,,,0.6853658556938171,,,,,,,,,,,,,0.2,,,,,,Adam,0.0005281030538402,9.0,,,16,1,128.0,,,"DenseNet121 | dl:1, du1:128, dr:0.2, opt:Adam, lr:0.0005281030538402149, bs:16",DenseNet121,True,hyperparameter_optimization,74.0,pruned
03b9e998d011475d8305ec1dfd9d562b,2,FAILED,2026-08-03 07:12:06.762000+00:00,2026-08-03 07:19:52.989000+00:00,,,,,,,,,,,,,,,,,,1.074363350868225,,,,,,,0.8900920748710632,,,,,,,,,,,,,,,,,,,,,,,,,,0.5824176073074341,,,,,,,,0.6853658556938171,,,,,,,,,,,,,0.5,,0.0004598014351896,,,,AdamW,0.0001879764763426,8.0,,,16,2,256.0,64.0,,"DenseNet121 | dl:2, du1:256, du2:64, dr:0.5, opt:AdamW, lr:0.00018797647634261907, wd:0.00045980143518961874, bs:16",DenseNet121,True,hyperparameter_optimization,73.0,pruned
80957bc12b6e4aceaba9be5df2190c51,2,FAILED,2026-08-03 07:04:07.389000+00:00,2026-08-03 07:12:05.324000+00:00,,,,,,,,,,,,,,,,,,1.461271047592163,,,,,,,1.3400179147720337,,,,,,,,,,,,,,,,,,,,,,,,,,0.3919413983821869,,,,,,,,0.4463414549827575,,,,,,,,,,,,,0.3,,0.0007780611626616,,,,AdamW,2.8193761830487437e-05,8.0,,,16,2,32.0,128.0,,"DenseNet121 | dl:2, du1:32, du2:128, dr:0.30000000000000004, opt:AdamW, lr:2.8193761830487434e-05, wd:0.0007780611626616622, bs:16",DenseNet121,True,hyperparameter_optimization,72.0,pruned
bc432f5800b644449ca900000bf3484d,2,FAILED,2026-08-03 06:56:08.089000+00:00,2026-08-03 07:04:03.833000+00:00,,,,,,,,,,,,,,,,,,1.6115727424621582,,,,,,,1.568658709526062,,,,,,,,,,,,,,,,,,,,,,,,,,0.2991453111171722,,,,,,,,0.3585365712642669,,,,,,,,,,,,,0.2,,,,,,Adam,1.969573179215704e-05,8.0,,,16,2,32.0,128.0,,"DenseNet121 | dl:2, du1:32, du2:128, dr:0.2, opt:Adam, lr:1.9695731792157037e-05, bs:16",DenseNet121,True,hyperparameter_optimization,71.0,pruned
dbb1a15610564edc8bb97a2a848ea603,2,FINISHED,2026-08-03 06:20:34.522000+00:00,2026-08-03 06:56:04.984000+00:00,,,,,,,,,,,,,,,,,,0.5580606460571289,,,,,0.697560975609756,,0.7449700236320496,,,,,,,,,,,,,,,,0.6939134002366534,,,,,,,,,,0.7905982732772827,0.8245683486468036,,,0.697560975609756,0.8174603174603174,0.8171318910345169,,0.6902438998222351,,0.8174603174603174,,,,0.6948392863808186,,,,,,0.7387922406196594,0.2,,0.0048297960662137,,,,AdamW,0.0004773751046389,25.0,,,32,2,32.0,128.0,,"DenseNet121 | dl:2, du1:32, du2:128, dr:0.2, opt:AdamW, lr:0.00047737510463892626, wd:0.004829796066213797, bs:32",DenseNet121,True,hyperparameter_optimization,70.0,completed
997d54177de24596b014a1dad2b65b46,2,FINISHED,2026-08-03 05:58:06.328000+00:00,2026-08-03 06:20:33.066000+00:00,,,,,,,,,,,,,,,,,,0.461727499961853,,,,,0.7121951219512195,,0.8187973499298096,,,,,,,,,,,,,,,,0.7021732518048807,,,,,,,,,,0.8186812996864319,0.8212268096384676,,,0.7121951219512195,0.8162393162393162,0.8126768716991194,,0.6951219439506531,,0.8162393162393162,,,,0.7140522148376635,,,,,,0.7490191459655762,0.2,,0.0001129508551249,,,,AdamW,0.0007605275168752,21.0,,,16,2,32.0,128.0,,"DenseNet121 | dl:2, du1:32, du2:128, dr:0.2, opt:AdamW, lr:0.0007605275168752445, wd:0.00011295085512495581, bs:16",DenseNet121,True,hyperparameter_optimization,69.0,completed
2efa7f96749a4d21b128e9751ec1e601,2,FINISHED,2026-08-03 05:41:21.440000+00:00,2026-08-03 05:58:04.948000+00:00,,,,,,,,,,,,,,,,,,0.5108056664466858,,,,,0.7146341463414634,,0.7818247079849243,,,,,,,,,,,,,,,,0.7118527962571393,,,,,,,,,,0.8113552927970886,0.7830090728815948,,,0.7146341463414634,0.7667887667887668,0.7677497190344451,,0.6975609660148621,,0.7667887667887668,,,,0.7150305322315517,,,,,,0.7262056469917297,0.2,,1.6346397682403422e-05,,,,AdamW,0.0009417967913727,15.0,,,16,2,32.0,128.0,,"DenseNet121 | dl:2, du1:32, du2:128, dr:0.2, opt:AdamW, lr:0.0009417967913727102, wd:1.6346397682403422e-05, bs:16",DenseNet121,True,hyperparameter_optimization,68.0,completed
bcc051981bde4260af95449875145123,2,FINISHED,2026-08-03 05:16:00.600000+00:00,2026-08-03 05:41:20.044000+00:00,,,,,,,,,,,,,,,,,,0.4658503830432892,,,,,0.7195121951219512,,0.7807452082633972,,,,,,,,,,,,,,,,0.7139696177768587,,,,,,,,,,0.8247863054275513,0.8494500136625135,,,0.7195121951219512,0.8455433455433455,0.8447373416888516,,0.7170731425285339,,0.8455433455433455,,,,0.7173824579468393,,,,,,0.7016458511352539,0.2,,0.0016164909554835,,,,AdamW,0.0009832879929238,24.0,,,16,2,32.0,128.0,,"DenseNet121 | dl:2, du1:32, du2:128, dr:0.2, opt:AdamW, lr:0.0009832879929238506, wd:0.0016164909554835256, bs:16",DenseNet121,True,hyperparameter_optimization,67.0,completed
d06970abb6b244adacadbf74b86d56c7,2,FINISHED,2026-08-03 04:49:34.729000+00:00,2026-08-03 05:15:59.212000+00:00,,,,,,,,,,,,,,,,,,0.5136756300926208,,,,,0.6902439024390243,,0.7843316793441772,,,,,,,,,,,,,,,,0.6866434770799098,,,,,,,,,,0.8095238208770752,0.8386236936710636,,,0.6902439024390243,0.8296703296703297,0.830188374346119,,0.6829268336296082,,0.8296703296703297,,,,0.6891645837201337,,,,,,0.7379658222198486,0.2,,0.0005680313177563,,,,AdamW,0.0003982809026629,25.0,,,16,2,32.0,128.0,,"DenseNet121 | dl:2, du1:32, du2:128, dr:0.2, opt:AdamW, lr:0.0003982809026629999, wd:0.0005680313177563228, bs:16",DenseNet121,True,hyperparameter_optimization,66.0,completed
775a027da7294aeb8328af6109bb6731,2,FINISHED,2026-08-03 04:28:42.237000+00:00,2026-08-03 04:49:33.466000+00:00,,,,,,,,,,,,,,,,,,0.5127474069595337,,,,,0.7146341463414634,,0.765896737575531,,,,,,,,,,,,,,,,0.7107895278677814,,,,,,,,,,0.811965823173523,0.8172572083579914,,,0.7146341463414634,0.8052503052503053,0.8048261688964362,,0.704878032207489,,0.8052503052503053,,,,0.7167300465922557,,,,,,0.7268210649490356,0.2,,0.0011033219098721,,,,AdamW,0.0005605680154418,19.0,,,16,2,32.0,128.0,,"DenseNet121 | dl:2, du1:32, du2:128, dr:0.2, opt:AdamW, lr:0.0005605680154418601, wd:0.0011033219098721312, bs:16",DenseNet121,True,hyperparameter_optimization,65.0,completed
02a5abdfaf584e29886900799e66b5c8,2,FAILED,2026-08-03 03:37:40.197000+00:00,2026-08-03 04:09:10.695000+00:00,,,,,,,,,,,,,,,,,,0.6348435878753662,,,,,,,0.9030837416648864,,,,,,,,,,,,,,,,,,,,,,,,,,0.7582417726516724,,,,,,,,0.6243902444839478,,,,,,,,,,,,,0.5,,,,,,Adam,0.0007307475065102,34.0,,,32,0,,,,"ResNet50V2 | dl:0, dr:0.5, opt:Adam, lr:0.0007307475065102531, bs:32",ResNet50V2,True,hyperparameter_optimization,101.0,pruned
ab6f24a2a9274a07bbe1bd849d3b8c1d,2,FINISHED,2026-08-03 03:04:11.269000+00:00,2026-08-03 03:37:38.960000+00:00,,,,,,,,,,,,,,,,,,0.5873020887374878,,,,,0.6341463414634146,,0.8910566568374634,,,,,,,,,,,,,,,,0.6338950444319702,,,,,,,,,,0.7704517841339111,0.8308877259727329,,,0.6341463414634146,0.8247863247863247,0.8239865280043693,,0.6341463327407837,,0.8247863247863247,,,,0.636586184538,,,,,,0.886627733707428,0.5,,,,,,Adam,0.0008342642086675,35.0,,,32,0,,,,"ResNet50V2 | dl:0, dr:0.5, opt:Adam, lr:0.0008342642086675337, bs:32",ResNet50V2,True,hyperparameter_optimization,100.0,completed
176a0bed75694dfeab298974ee5facc4,2,FAILED,2026-08-03 02:57:55.573000+00:00,2026-08-03 03:04:10.332000+00:00,,,,,,,,,,,,,,,,,,2.113119602203369,,,,,,,1.8913925886154173,,,,,,,,,,,,,,,,,,,,,,,,,,0.2185592204332351,,,,,,,,0.2121951282024383,,,,,,,,,,,,,0.5,,9.50351096438566e-06,,,,AdamW,1.0259279253850917e-05,8.0,,,16,0,,,,"ResNet50V2 | dl:0, dr:0.5, opt:AdamW, lr:1.0259279253850915e-05, wd:9.503510964385661e-06, bs:16",ResNet50V2,True,hyperparameter_optimization,99.0,pruned
f73eb5d40bba4218882a91c57adfd1c6,2,FAILED,2026-08-03 02:50:09.887000+00:00,2026-08-03 02:57:54.477000+00:00,,,,,,,,,,,,,,,,,,0.840603768825531,,,,,,,0.995046615600586,,,,,,,,,,,,,,,,,,,,,,,,,,0.668498158454895,,,,,,,,0.6000000238418579,,,,,,,,,,,,,0.5,,,,,,Adam,0.0005224989636838,8.0,,,32,0,,,,"ResNet50V2 | dl:0, dr:0.5, opt:Adam, lr:0.0005224989636838174, bs:32",ResNet50V2,True,hyperparameter_optimization,98.0,pruned
472ad29ecfb84a9994a40b5e56fa57e3,2,RUNNING,2026-08-03 00:10:20.921000+00:00,,,,,,,,,,,,,,,,,,,0.6313355565071106,,,,,,,0.8972298502922058,,,,,,,,,,,,,,,,,,,,,,,,,,0.7417582273483276,,,,,,,,0.6219512224197388,,,,,,,,,,,,,0.5,,,,,,Adam,0.0005316242504096,22.0,,,32,0,,,,"ResNet50V2 | dl:0, dr:0.5, opt:Adam, lr:0.0005316242504096889, bs:32",ResNet50V2,True,hyperparameter_optimization,97.0,
c6649d8f659a473294232a0864626bdb,2,FAILED,2026-08-03 00:02:55.452000+00:00,2026-08-03 00:10:19.884000+00:00,,,,,,,,,,,,,,,,,,0.7444687485694885,,,,,,,0.9929180145263672,,,,,,,,,,,,,,,,,,,,,,,,,,0.6971917152404785,,,,,,,,0.5902438759803772,,,,,,,,,,,,,0.5,,,,,,Adam,0.0007544137413436,8.0,,,32,0,,,,"ResNet50V2 | dl:0, dr:0.5, opt:Adam, lr:0.0007544137413436329, bs:32",ResNet50V2,True,hyperparameter_optimization,96.0,pruned
7be9b804722b41c49d9a62e11285bd31,2,FAILED,2026-08-02 23:55:19.231000+00:00,2026-08-03 00:02:54.422000+00:00,,,,,,,,,,,,,,,,,,0.7983481287956238,,,,,,,0.9950708150863647,,,,,,,,,,,,,,,,,,,,,,,,,,0.6746031641960144,,,,,,,,0.6000000238418579,,,,,,,,,,,,,0.5,,,,,,Adam,0.0006434792801157,8.0,,,32,0,,,,"ResNet50V2 | dl:0, dr:0.5, opt:Adam, lr:0.0006434792801157823, bs:32",ResNet50V2,True,hyperparameter_optimization,95.0,pruned
b255af1761db48748e4ec1f941796663,2,FAILED,2026-08-02 23:47:51.458000+00:00,2026-08-02 23:55:18.193000+00:00,,,,,,,,,,,,,,,,,,0.7312904596328735,,,,,,,0.967646598815918,,,,,,,,,,,,,,,,,,,,,,,,,,0.6886447072029114,,,,,,,,0.6146341562271118,,,,,,,,,,,,,0.5,,,,,,Adam,0.0009975330301675,8.0,,,32,0,,,,"ResNet50V2 | dl:0, dr:0.5, opt:Adam, lr:0.0009975330301675474, bs:32",ResNet50V2,True,hyperparameter_optimization,94.0,pruned
15253fa221ba4632915412f5cc87e0b1,2,FINISHED,2026-08-02 23:04:06.445000+00:00,2026-08-02 23:47:50.404000+00:00,,,,,,,,,,,,,,,,,,0.5462213754653931,,,,,0.6341463414634146,,0.89666748046875,,,,,,,,,,,,,,,,0.6325605403155119,,,,,,,,,,0.7869352698326111,0.8533941497828267,,,0.6341463414634146,0.8485958485958486,0.8479259294461544,,0.6341463327407837,,0.8485958485958486,,,,0.6390858168066954,,,,,,0.8861491084098816,0.5,,,,,,Adam,0.0006107589675332,46.0,,,32,0,,,,"ResNet50V2 | dl:0, dr:0.5, opt:Adam, lr:0.00061075896753325, bs:32",ResNet50V2,True,hyperparameter_optimization,93.0,completed
1cd140ecb53b42ec8eb701f6c52f06b3,2,FAILED,2026-08-02 22:56:33.338000+00:00,2026-08-02 23:04:05.432000+00:00,,,,,,,,,,,,,,,,,,0.8297761082649231,,,,,,,0.965652346611023,,,,,,,,,,,,,,,,,,,,,,,,,,0.6495726704597473,,,,,,,,0.6146341562271118,,,,,,,,,,,,,0.5,,,,,,Adam,0.0004960393380459,8.0,,,32,0,,,,"ResNet50V2 | dl:0, dr:0.5, opt:Adam, lr:0.0004960393380459419, bs:32",ResNet50V2,True,hyperparameter_optimization,92.0,pruned
3a145033046748aa9791f2f41e13ae9b,2,FAILED,2026-08-02 22:48:56.133000+00:00,2026-08-02 22:56:32.334000+00:00,,,,,,,,,,,,,,,,,,0.7183017134666443,,,,,,,0.9504615664482116,,,,,,,,,,,,,,,,,,,,,,,,,,0.7136752009391785,,,,,,,,0.6048780679702759,,,,,,,,,,,,,0.5,,,,,,Adam,0.0008991603914869,8.0,,,32,0,,,,"ResNet50V2 | dl:0, dr:0.5, opt:Adam, lr:0.0008991603914869527, bs:32",ResNet50V2,True,hyperparameter_optimization,91.0,pruned
1bef1736261742bb92e64ccc1716a1a6,2,FAILED,2026-08-02 22:41:26.473000+00:00,2026-08-02 22:48:55.225000+00:00,,,,,,,,,,,,,,,,,,0.7794026136398315,,,,,,,0.9749090671539308,,,,,,,,,,,,,,,,,,,,,,,,,,0.6776556968688965,,,,,,,,0.6000000238418579,,,,,,,,,,,,,0.5,,,,,,Adam,0.0008500799891725,8.0,,,32,0,,,,"ResNet50V2 | dl:0, dr:0.5, opt:Adam, lr:0.0008500799891725079, bs:32",ResNet50V2,True,hyperparameter_optimization,90.0,pruned
a6d26ceeea264b5682e9c87a06cad27c,2,FINISHED,2026-08-02 22:07:32.227000+00:00,2026-08-02 22:41:25.369000+00:00,,,,,,,,,,,,,,,,,,0.5616926550865173,,,,,0.6317073170731707,,0.8918185234069824,,,,,,,,,,,,,,,,0.6291389080705513,,,,,,,,,,0.7680097818374634,0.8563835073995258,,,0.6317073170731707,0.851037851037851,0.8499301671079367,,0.6390243768692017,,0.851037851037851,,,,0.6316343790450427,,,,,,0.8859660029411316,0.5,,,,,,Adam,0.0008409266600497,35.0,,,32,0,,,,"ResNet50V2 | dl:0, dr:0.5, opt:Adam, lr:0.0008409266600497108, bs:32",ResNet50V2,True,hyperparameter_optimization,89.0,completed
87030eb0e622459f89302b93cb50210f,2,FINISHED,2026-08-02 21:53:01.523000+00:00,2026-08-02 22:07:31.223000+00:00,,,,,,,,,,,,,,,,,,0.3047907054424286,,,,,0.6317073170731707,,0.9995110034942628,,,,,,,,,,,,,,,,0.6327743043496995,,,,,,,,,,0.8943833708763123,0.8381393095282719,,,0.6317073170731707,0.8296703296703297,0.8293367928250267,,0.6439024209976196,,0.8296703296703297,,,,0.6420033675692226,,,,,,0.9396607279777528,0.2,,,,,,Adam,0.0007018914796784,14.0,,,32,1,128.0,,,"ResNet50V2 | dl:1, du1:128, dr:0.2, opt:Adam, lr:0.000701891479678401, bs:32",ResNet50V2,True,hyperparameter_optimization,88.0,completed
5da429b6b08b4b5e828422c1567bbf54,2,FAILED,2026-08-02 21:37:02.514000+00:00,2026-08-02 21:53:00.327000+00:00,,,,,,,,,,,,,,,,,,0.4195440113544464,,,,,,,0.969112515449524,,,,,,,,,,,,,,,,,,,,,,,,,,0.841269850730896,,,,,,,,0.6414633989334106,,,,,,,,,,,,,0.3,,,,,,Adam,0.0004326884060606,17.0,,,32,1,64.0,,,"ResNet50V2 | dl:1, du1:64, dr:0.30000000000000004, opt:Adam, lr:0.00043268840606063344, bs:32",ResNet50V2,True,hyperparameter_optimization,87.0,pruned
94eae50d051646dba8571d4aaf411391,2,FINISHED,2026-08-02 21:19:03.157000+00:00,2026-08-02 21:37:01.201000+00:00,,,,,,,,,,,,,,,,,,0.4431292116641998,,,,,0.6317073170731707,,0.961638569831848,,,,,,,,,,,,,,,,0.6297250146860722,,,,,,,,,,0.8473748564720154,0.8337870959471905,,,0.6317073170731707,0.8327228327228328,0.8322830760532087,,0.6414633989334106,,0.8327228327228328,,,,0.630830753954932,,,,,,0.9223836064338684,0.4,,,,,,Adam,0.0006143030031831,18.0,,,32,1,64.0,,,"ResNet50V2 | dl:1, du1:64, dr:0.4, opt:Adam, lr:0.0006143030031831152, bs:32",ResNet50V2,True,hyperparameter_optimization,86.0,completed
2ba8d813dccf49d58afcc9706e8187c9,2,FAILED,2026-08-02 21:11:33.693000+00:00,2026-08-02 21:19:02.020000+00:00,,,,,,,,,,,,,,,,,,0.3707126080989837,,,,,,,0.9764044284820556,,,,,,,,,,,,,,,,,,,,,,,,,,0.8571428656578064,,,,,,,,0.6243902444839478,,,,,,,,,,,,,0.4,,,,,,Adam,0.000913131445187,8.0,,,32,1,512.0,,,"ResNet50V2 | dl:1, du1:512, dr:0.4, opt:Adam, lr:0.0009131314451870173, bs:32",ResNet50V2,True,hyperparameter_optimization,85.0,pruned
e3c7447edbd0437b9a7cd7621c3a4780,2,FINISHED,2026-08-02 20:55:24.207000+00:00,2026-08-02 21:11:32.556000+00:00,,,,,,,,,,,,,,,,,,0.5317510962486267,,,,,0.6292682926829268,,0.9358965754508972,,,,,,,,,,,,,,,,0.6246420500606424,,,,,,,,,,0.8064712882041931,0.7850763915598336,,,0.6292682926829268,0.7796092796092796,0.7798543449401765,,0.6292682886123657,,0.7796092796092796,,,,0.6244411573315338,,,,,,0.916804015636444,0.4,,,,,,Adam,0.0003744277630592,16.0,,,32,1,64.0,,,"ResNet50V2 | dl:1, du1:64, dr:0.4, opt:Adam, lr:0.0003744277630592241, bs:32",ResNet50V2,True,hyperparameter_optimization,84.0,completed
46cc65998c0e4797a4942718f8289ad8,2,FAILED,2026-08-02 20:47:55.791000+00:00,2026-08-02 20:55:23.003000+00:00,,,,,,,,,,,,,,,,,,0.5706980228424072,,,,,,,0.9827341437339784,,,,,,,,,,,,,,,,,,,,,,,,,,0.7741147875785828,,,,,,,,0.6073170900344849,,,,,,,,,,,,,0.4,,,,,,Adam,0.0007027704205403,8.0,,,32,1,64.0,,,"ResNet50V2 | dl:1, du1:64, dr:0.4, opt:Adam, lr:0.0007027704205403734, bs:32",ResNet50V2,True,hyperparameter_optimization,83.0,pruned
ccb25e5b072b491498916bc2099cf6da,2,FINISHED,2026-08-02 20:32:32.675000+00:00,2026-08-02 20:47:54.570000+00:00,,,,,,,,,,,,,,,,,,0.4848118126392364,,,,,0.651219512195122,,0.9181082844734192,,,,,,,,,,,,,,,,0.6507374980378952,,,,,,,,,,0.8199023008346558,0.784204965727972,,,0.651219512195122,0.7777777777777778,0.7768740070486588,,0.6414633989334106,,0.7777777777777778,,,,0.6525949603084555,,,,,,0.9014736413955688,0.4,,,,,,Adam,0.0005842339148891,15.0,,,32,1,64.0,,,"ResNet50V2 | dl:1, du1:64, dr:0.4, opt:Adam, lr:0.0005842339148891017, bs:32",ResNet50V2,True,hyperparameter_optimization,82.0,completed
14484c28a757461a844db1476def9293,2,FINISHED,2026-08-02 20:19:19.905000+00:00,2026-08-02 20:32:31.595000+00:00,,,,,,,,,,,,,,,,,,0.356050044298172,,,,,0.6487804878048781,,0.96458101272583,,,,,,,,,,,,,,,,0.6457234350690293,,,,,,,,,,0.8669108748435974,0.8467270235874244,,,0.6487804878048781,0.8431013431013431,0.8416786404308855,,0.6414633989334106,,0.8431013431013431,,,,0.6483648174259207,,,,,,0.8911677002906799,0.4,,4.5395442419780397e-07,,,,AdamW,0.0004433621165781,15.0,,,16,1,128.0,,,"ResNet50V2 | dl:1, du1:128, dr:0.4, opt:AdamW, lr:0.0004433621165781929, wd:4.5395442419780386e-07, bs:16",ResNet50V2,True,hyperparameter_optimization,81.0,completed
41b7a43e7adc461c947faf452265bff5,2,FAILED,2026-08-02 20:11:53.732000+00:00,2026-08-02 20:19:18.625000+00:00,,,,,,,,,,,,,,,,,,0.8806056976318359,,,,,,,1.01191508769989,,,,,,,,,,,,,,,,,,,,,,,,,,0.6428571343421936,,,,,,,,0.5731707215309143,,,,,,,,,,,,,0.4,,,,,,Adam,0.0002660041116644,8.0,,,32,0,,,,"ResNet50V2 | dl:0, dr:0.4, opt:Adam, lr:0.00026600411166445386, bs:32",ResNet50V2,True,hyperparameter_optimization,80.0,pruned
db2bb413e87045c3be1791bbb146b3f9,2,FINISHED,2026-08-02 19:56:23.079000+00:00,2026-08-02 20:11:52.828000+00:00,,,,,,,,,,,,,,,,,,0.2725160717964172,,,,,0.6439024390243903,,1.0154929161071775,,,,,,,,,,,,,,,,0.6422221162907249,,,,,,,,,,0.906593382358551,0.8673609697517002,,,0.6439024390243903,0.8626373626373627,0.8622137032784827,,0.6512194871902466,,0.8626373626373627,,,,0.6461632930675147,,,,,,0.90493506193161,0.3,,,,,,Adam,0.000500499641687,15.0,,,32,1,256.0,,,"ResNet50V2 | dl:1, du1:256, dr:0.30000000000000004, opt:Adam, lr:0.0005004996416870384, bs:32",ResNet50V2,True,hyperparameter_optimization,79.0,completed
c652ce46dad04f63b41da64332d31ba1,2,FAILED,2026-08-02 19:48:37.450000+00:00,2026-08-02 19:56:21.924000+00:00,,,,,,,,,,,,,,,,,,0.906600534915924,,,,,,,0.9677175879478456,,,,,,,,,,,,,,,,,,,,,,,,,,0.6300366520881653,,,,,,,,0.5609756112098694,,,,,,,,,,,,,0.5,,,,,,Adam,3.506063476364356e-05,8.0,,,32,1,512.0,,,"ResNet50V2 | dl:1, du1:512, dr:0.5, opt:Adam, lr:3.506063476364356e-05, bs:32",ResNet50V2,True,hyperparameter_optimization,78.0,pruned
b830a39231ed4c918bee5499b21f3f4c,2,FAILED,2026-08-02 19:41:03.460000+00:00,2026-08-02 19:48:36.337000+00:00,,,,,,,,,,,,,,,,,,0.6017016768455505,,,,,,,0.9666499495506288,,,,,,,,,,,,,,,,,,,,,,,,,,0.7582417726516724,,,,,,,,0.6170731782913208,,,,,,,,,,,,,0.3,,,,,,Adam,0.00069005662394,8.0,,,32,2,128.0,128.0,,"ResNet50V2 | dl:2, du1:128, du2:128, dr:0.30000000000000004, opt:Adam, lr:0.0006900566239400842, bs:32",ResNet50V2,True,hyperparameter_optimization,77.0,pruned
b4ff0ff7cca8490dbff2d5df1241aa57,2,FAILED,2026-08-02 19:33:40.056000+00:00,2026-08-02 19:41:02.213000+00:00,,,,,,,,,,,,,,,,,,1.276401162147522,,,,,,,1.1961617469787598,,,,,,,,,,,,,,,,,,,,,,,,,,0.4859584867954254,,,,,,,,0.5268292427062988,,,,,,,,,,,,,0.4,,2.716437567708878e-06,,,,AdamW,2.1351102167835288e-05,8.0,,,32,1,128.0,,,"ResNet50V2 | dl:1, du1:128, dr:0.4, opt:AdamW, lr:2.1351102167835288e-05, wd:2.716437567708878e-06, bs:32",ResNet50V2,True,hyperparameter_optimization,76.0,pruned
f1295db665ae44749db0212fa03160e7,2,FINISHED,2026-08-02 19:18:23.282000+00:00,2026-08-02 19:33:38.876000+00:00,,,,,,,,,,,,,,,,,,0.3430194854736328,,,,,0.6487804878048781,,1.0319292545318604,,,,,,,,,,,,,,,,0.6473685590845721,,,,,,,,,,0.8699633479118347,0.8377922490123244,,,0.6487804878048781,0.8363858363858364,0.8360087039848657,,0.6365853548049927,,0.8363858363858364,,,,0.6503178315715897,,,,,,0.910902738571167,0.4,,,,,,Adam,0.0008501921544495,15.0,,,32,1,128.0,,,"ResNet50V2 | dl:1, du1:128, dr:0.4, opt:Adam, lr:0.0008501921544495705, bs:32",ResNet50V2,True,hyperparameter_optimization,75.0,completed
0d4318fe5a184850953a808a63ed9991,2,FINISHED,2026-08-02 19:02:55.037000+00:00,2026-08-02 19:18:22.236000+00:00,,,,,,,,,,,,,,,,,,0.4311366081237793,,,,,0.6195121951219512,,0.9560961723327636,,,,,,,,,,,,,,,,0.6162025207750588,,,,,,,,,,0.8321123123168945,0.8137366475941766,,,0.6195121951219512,0.8095238095238095,0.8082058655060236,,0.6414633989334106,,0.8095238095238095,,,,0.6171176951239346,,,,,,0.902196168899536,0.4,,,,,,Adam,0.0004594510551071,15.0,,,32,1,128.0,,,"ResNet50V2 | dl:1, du1:128, dr:0.4, opt:Adam, lr:0.00045945105510714095, bs:32",ResNet50V2,True,hyperparameter_optimization,74.0,completed
645d246719764095b7265b6705bbc17b,2,FINISHED,2026-08-02 18:48:34.284000+00:00,2026-08-02 19:02:53.956000+00:00,,,,,,,,,,,,,,,,,,0.4256506562232971,,,,,0.6463414634146342,,0.9082539081573486,,,,,,,,,,,,,,,,0.6418073891826902,,,,,,,,,,0.8333333134651184,0.8023928454420477,,,0.6463414634146342,0.7967032967032966,0.794335035023613,,0.6536585092544556,,0.7967032967032966,,,,0.6434108635853045,,,,,,0.8738667368888855,0.4,,,,,,Adam,0.0005236716867153,14.0,,,32,1,128.0,,,"ResNet50V2 | dl:1, du1:128, dr:0.4, opt:Adam, lr:0.0005236716867153227, bs:32",ResNet50V2,True,hyperparameter_optimization,73.0,completed
aba1c9a142b249079afc2e1aca901d8c,2,FINISHED,2026-08-02 18:34:16.502000+00:00,2026-08-02 18:48:33.171000+00:00,,,,,,,,,,,,,,,,,,0.2416826039552688,,,,,0.6365853658536585,,1.019260048866272,,,,,,,,,,,,,,,,0.6325445664628829,,,,,,,,,,0.9151403903961182,0.8540215792859924,,,0.6365853658536585,0.8437118437118437,0.840817545729487,,0.6609756350517273,,0.8437118437118437,,,,0.6404300220943563,,,,,,0.9072160124778748,0.4,,,,,,Adam,0.0005808188545788,14.0,,,32,1,512.0,,,"ResNet50V2 | dl:1, du1:512, dr:0.4, opt:Adam, lr:0.0005808188545788403, bs:32",ResNet50V2,True,hyperparameter_optimization,72.0,completed
02ec209a992b40fc9db4d95b7ee2d2d2,2,FAILED,2026-08-02 18:28:02.108000+00:00,2026-08-02 18:34:15.372000+00:00,,,,,,,,,,,,,,,,,,0.6998106241226196,,,,,,,0.9574337005615234,,,,,,,,,,,,,,,,,,,,,,,,,,0.7277167439460754,,,,,,,,0.6048780679702759,,,,,,,,,,,,,0.2,,,,,,Adam,0.0003259781566195,8.0,,,16,0,,,,"ResNet50V2 | dl:0, dr:0.2, opt:Adam, lr:0.00032597815661957906, bs:16",ResNet50V2,True,hyperparameter_optimization,71.0,pruned
bda92edc70074e79a043d769472bf7e4,2,FINISHED,2026-08-02 18:14:38.123000+00:00,2026-08-02 18:28:01.103000+00:00,,,,,,,,,,,,,,,,,,0.302929937839508,,,,,0.6414634146341464,,1.0339773893356323,,,,,,,,,,,,,,,,0.6307446956822435,,,,,,,,,,0.8882783651351929,0.8209279011969836,,,0.6414634146341464,0.8052503052503053,0.7991952575350698,,0.6268292665481567,,0.8052503052503053,,,,0.6519926425668778,,,,,,0.895950436592102,0.5,,,,,,Adam,0.0008144344410743,13.0,,,32,1,512.0,,,"ResNet50V2 | dl:1, du1:512, dr:0.5, opt:Adam, lr:0.0008144344410743877, bs:32",ResNet50V2,True,hyperparameter_optimization,70.0,completed
32f2415d95e7443cad73d6b0b8186338,2,FAILED,2026-08-02 18:07:05.435000+00:00,2026-08-02 18:14:37.026000+00:00,,,,,,,,,,,,,,,,,,0.3687165081501007,,,,,,,0.992201328277588,,,,,,,,,,,,,,,,,,,,,,,,,,0.8559218645095825,,,,,,,,0.6414633989334106,,,,,,,,,,,,,0.4,,,,,,Adam,0.0005618964465905,8.0,,,32,1,512.0,,,"ResNet50V2 | dl:1, du1:512, dr:0.4, opt:Adam, lr:0.0005618964465905103, bs:32",ResNet50V2,True,hyperparameter_optimization,69.0,pruned
c11b591db4ff4313920db6363872c8ac,2,FAILED,2026-08-02 17:59:23.765000+00:00,2026-08-02 18:07:04.372000+00:00,,,,,,,,,,,,,,,,,,1.8083871603012085,,,,,,,1.6209385395050049,,,,,,,,,,,,,,,,,,,,,,,,,,0.271672785282135,,,,,,,,0.3121951222419739,,,,,,,,,,,,,0.4,,,,,,Adam,2.1582835301935484e-05,8.0,,,32,0,,,,"ResNet50V2 | dl:0, dr:0.4, opt:Adam, lr:2.1582835301935484e-05, bs:32",ResNet50V2,True,hyperparameter_optimization,68.0,pruned
7220f195276c408ea60b774d160e4889,2,FINISHED,2026-08-02 17:45:47.509000+00:00,2026-08-02 17:59:22.752000+00:00,,,,,,,,,,,,,,,,,,0.3645872175693512,,,,,0.6268292682926829,,0.9817677736282348,,,,,,,,,,,,,,,,0.6071846908694377,,,,,,,,,,0.8583638668060303,0.8008857310101152,,,0.6268292682926829,0.7844932844932845,0.7737925654717549,,0.6292682886123657,,0.7844932844932845,,,,0.6249266080182532,,,,,,0.9335836172103882,0.5,,,,,,Adam,0.0004087249461807,13.0,,,32,1,512.0,,,"ResNet50V2 | dl:1, du1:512, dr:0.5, opt:Adam, lr:0.0004087249461807817, bs:32",ResNet50V2,True,hyperparameter_optimization,67.0,completed
60d24da9312c4429bbb8fd8f16389eb7,2,FINISHED,2026-08-02 17:31:22.241000+00:00,2026-08-02 17:45:46.480000+00:00,,,,,,,,,,,,,,,,,,0.2402657270431518,,,,,0.6463414634146342,,1.0222340822219849,,,,,,,,,,,,,,,,0.6453919014896654,,,,,,,,,,0.916361391544342,0.8424158434906932,,,0.6463414634146342,0.8333333333333334,0.8324250554637824,,0.6439024209976196,,0.8333333333333334,,,,0.6521849288866619,,,,,,0.8900290131568909,0.4,,,,,,Adam,0.0005774331135202,14.0,,,32,1,512.0,,,"ResNet50V2 | dl:1, du1:512, dr:0.4, opt:Adam, lr:0.0005774331135202413, bs:32",ResNet50V2,True,hyperparameter_optimization,66.0,completed
23de3faceea242e0a7d1a158a9c861af,2,FAILED,2026-08-02 17:23:37.647000+00:00,2026-08-02 17:31:21.103000+00:00,,,,,,,,,,,,,,,,,,1.721936821937561,,,,,,,1.5389020442962646,,,,,,,,,,,,,,,,,,,,,,,,,,0.2991453111171722,,,,,,,,0.3707317113876343,,,,,,,,,,,,,0.5,,,,,,Adam,1.1081906090950211e-05,8.0,,,32,1,64.0,,,"ResNet50V2 | dl:1, du1:64, dr:0.5, opt:Adam, lr:1.1081906090950211e-05, bs:32",ResNet50V2,True,hyperparameter_optimization,65.0,pruned
2ce194fdb02a4c78be9cb1cf234bcbe2,2,FINISHED,2026-08-02 17:08:11.661000+00:00,2026-08-02 17:23:36.525000+00:00,,,,,,,,,,,,,,,,,,0.4679380655288696,,,,,0.6390243902439025,,0.952538251876831,,,,,,,,,,,,,,,,0.6396828292540487,,,,,,,,,,0.8192918300628662,0.8072936786932242,,,0.6390243902439025,0.8028083028083028,0.8025290606735822,,0.6268292665481567,,0.8028083028083028,,,,0.6464735283182285,,,,,,0.9083435535430908,0.4,,,,,,Adam,0.0007305719720926,15.0,,,32,1,64.0,,,"ResNet50V2 | dl:1, du1:64, dr:0.4, opt:Adam, lr:0.0007305719720926661, bs:32",ResNet50V2,True,hyperparameter_optimization,64.0,completed
e1f0ae418c754988bff73143dcdcbad5,2,FINISHED,2026-08-02 16:52:51.355000+00:00,2026-08-02 17:08:10.531000+00:00,,,,,,,,,,,,,,,,,,0.4174165725708008,,,,,0.624390243902439,,0.9642305970191956,,,,,,,,,,,,,,,,0.6186176880591822,,,,,,,,,,0.8449328541755676,0.8325189845800058,,,0.624390243902439,0.8302808302808303,0.8290604257121682,,0.6146341562271118,,0.8302808302808303,,,,0.6203923816255732,,,,,,0.902548611164093,0.4,,,,,,Adam,0.0009838092495108,15.0,,,32,1,64.0,,,"ResNet50V2 | dl:1, du1:64, dr:0.4, opt:Adam, lr:0.00098380924951084, bs:32",ResNet50V2,True,hyperparameter_optimization,63.0,completed
cb6c96bfbb7a431cb83e5d323e0da341,2,FAILED,2026-08-02 16:45:27.326000+00:00,2026-08-02 16:52:50.159000+00:00,,,,,,,,,,,,,,,,,,0.6346232891082764,,,,,,,0.965312659740448,,,,,,,,,,,,,,,,,,,,,,,,,,0.7533577680587769,,,,,,,,0.6121951341629028,,,,,,,,,,,,,0.4,,,,,,Adam,0.0006112584850713,8.0,,,32,1,64.0,,,"ResNet50V2 | dl:1, du1:64, dr:0.4, opt:Adam, lr:0.0006112584850713937, bs:32",ResNet50V2,True,hyperparameter_optimization,62.0,pruned
2c971e7c6f9e4cadbd75b726edac2478,2,FINISHED,2026-08-02 16:26:15.625000+00:00,2026-08-02 16:45:26.213000+00:00,,,,,,,,,,,,,,,,,,0.5552979111671448,,,,,0.6219512195121951,,0.929847240447998,,,,,,,,,,,,,,,,0.6268803084085904,,,,,,,,,,0.7789987921714783,0.8045956999889262,,,0.6219512195121951,0.7918192918192918,0.7929380258168317,,0.6219512224197388,,0.7918192918192918,,,,0.6428303135157095,,,,,,0.9097163677215576,0.4,,,,,,Adam,0.0004937115977666,19.0,,,32,2,64.0,128.0,,"ResNet50V2 | dl:2, du1:64, du2:128, dr:0.4, opt:Adam, lr:0.0004937115977666764, bs:32",ResNet50V2,True,hyperparameter_optimization,61.0,completed
5ebaa97de463422eb98f528b3a9d5f81,2,FINISHED,2026-08-02 16:02:29.720000+00:00,2026-08-02 16:26:14.429000+00:00,,,,,,,,,,,,,,,,,,0.5639923214912415,,,,,0.6414634146341464,,0.9090360403060912,,,,,,,,,,,,,,,,0.6427559876745158,,,,,,,,,,0.7741147875785828,0.8281036250634254,,,0.6414634146341464,0.8205128205128205,0.8205158862397139,,0.6390243768692017,,0.8205128205128205,,,,0.6503668492229333,,,,,,0.900589644908905,0.5,,,,,,Adam,0.000795743635571,24.0,,,32,0,,,,"ResNet50V2 | dl:0, dr:0.5, opt:Adam, lr:0.0007957436355710889, bs:32",ResNet50V2,True,hyperparameter_optimization,60.0,completed
fc4446dfc5be4d2c974b00c71412b7c4,2,FINISHED,2026-08-02 15:37:43.623000+00:00,2026-08-02 16:02:28.716000+00:00,,,,,,,,,,,,,,,,,,0.4409942030906677,,,,,0.6414634146341464,,0.9648667573928832,,,,,,,,,,,,,,,,0.6456985967197009,,,,,,,,,,0.8339438438415527,0.859809468668474,,,0.6414634146341464,0.8547008547008547,0.853816274673589,,0.6365853548049927,,0.8547008547008547,,,,0.6567626823254991,,,,,,0.9065558910369872,0.4,,,,,,Adam,0.0003783517106473,25.0,,,32,1,64.0,,,"ResNet50V2 | dl:1, du1:64, dr:0.4, opt:Adam, lr:0.00037835171064734693, bs:32",ResNet50V2,True,hyperparameter_optimization,59.0,completed
bbc5bfebed844e8281cba12efcae1203,2,FAILED,2026-08-02 15:30:21.336000+00:00,2026-08-02 15:37:42.477000+00:00,,,,,,,,,,,,,,,,,,0.8050078749656677,,,,,,,1.016525387763977,,,,,,,,,,,,,,,,,,,,,,,,,,0.6758241653442383,,,,,,,,0.5853658318519592,,,,,,,,,,,,,0.4,,,,,,Adam,0.0004769264012453,8.0,,,32,0,,,,"ResNet50V2 | dl:0, dr:0.4, opt:Adam, lr:0.00047692640124535424, bs:32",ResNet50V2,True,hyperparameter_optimization,58.0,pruned
665316eec05043e3b5d24880cb08716e,2,FAILED,2026-08-02 15:21:51.490000+00:00,2026-08-02 15:30:20.374000+00:00,,,,,,,,,,,,,,,,,,0.3784267604351043,,,,,,,1.0602046251296997,,,,,,,,,,,,,,,,,,,,,,,,,,0.8632478713989258,,,,,,,,0.6170731782913208,,,,,,,,,,,,,0.4,,,,,,Adam,0.0007839425044451,9.0,,,32,1,256.0,,,"ResNet50V2 | dl:1, du1:256, dr:0.4, opt:Adam, lr:0.000783942504445119, bs:32",ResNet50V2,True,hyperparameter_optimization,57.0,pruned
11c2cd50d4ab498f8c94bcd3c67fce95,2,FINISHED,2026-08-02 14:57:24.112000+00:00,2026-08-02 15:21:50.377000+00:00,,,,,,,,,,,,,,,,,,0.3380939364433288,,,,,0.6414634146341464,,0.940097987651825,,,,,,,,,,,,,,,,0.6363544484059428,,,,,,,,,,0.8754578828811646,0.8841034279743033,,,0.6414634146341464,0.8803418803418803,0.8787833337955728,,0.6487804651260376,,0.8803418803418803,,,,0.6391594210918558,,,,,,0.886699378490448,0.4,,,,,,Adam,0.0005298562844932,25.0,,,32,1,64.0,,,"ResNet50V2 | dl:1, du1:64, dr:0.4, opt:Adam, lr:0.0005298562844932279, bs:32",ResNet50V2,True,hyperparameter_optimization,56.0,completed
76a2b974b2e74fa8854b76271510031f,2,FINISHED,2026-08-02 14:42:03.187000+00:00,2026-08-02 14:57:22.990000+00:00,,,,,,,,,,,,,,,,,,0.4079349935054779,,,,,0.6390243902439025,,0.9278321862220764,,,,,,,,,,,,,,,,0.6393477057276478,,,,,,,,,,0.8540903329849243,0.8184598953932791,,,0.6390243902439025,0.8137973137973138,0.8138521207614346,,0.6609756350517273,,0.8137973137973138,,,,0.6435381946784744,,,,,,0.8855363130569458,0.4,,,,,,Adam,0.0009998680006478,15.0,,,32,1,64.0,,,"ResNet50V2 | dl:1, du1:64, dr:0.4, opt:Adam, lr:0.0009998680006478315, bs:32",ResNet50V2,True,hyperparameter_optimization,55.0,completed
fda16a6ca63a4439aa5eb301b8589318,2,FINISHED,2026-08-02 14:26:29.583000+00:00,2026-08-02 14:42:02.074000+00:00,,,,,,,,,,,,,,,,,,0.4035102128982544,,,,,0.6317073170731707,,0.9852741360664368,,,,,,,,,,,,,,,,0.6292336927141763,,,,,,,,,,0.83699631690979,0.8239354153474151,,,0.6317073170731707,0.8211233211233211,0.821626910699863,,0.6195122003555298,,0.8211233211233211,,,,0.6324488231411914,,,,,,0.93071848154068,0.3,,,,,,Adam,0.0007714237007588,15.0,,,32,1,64.0,,,"ResNet50V2 | dl:1, du1:64, dr:0.30000000000000004, opt:Adam, lr:0.0007714237007588049, bs:32",ResNet50V2,True,hyperparameter_optimization,54.0,completed
5f3377884085470fbf5cb0b68e1ba10d,2,FAILED,2026-08-02 14:18:54.905000+00:00,2026-08-02 14:26:26.936000+00:00,,,,,,,,,,,,,,,,,,0.513114333152771,,,,,,,0.9520020484924316,,,,,,,,,,,,,,,,,,,,,,,,,,0.8040292859077454,,,,,,,,0.6000000238418579,,,,,,,,,,,,,0.2,,,,,,Adam,0.0005513364827617,8.0,,,32,1,64.0,,,"ResNet50V2 | dl:1, du1:64, dr:0.2, opt:Adam, lr:0.000551336482761783, bs:32",ResNet50V2,True,hyperparameter_optimization,53.0,pruned
4bedefcca3d841069c064a6cf942d5c8,2,FINISHED,2026-08-02 14:03:42.211000+00:00,2026-08-02 14:18:53.826000+00:00,,,,,,,,,,,,,,,,,,0.3581593036651611,,,,,0.6268292682926829,,0.9563313722610474,,,,,,,,,,,,,,,,0.6212552254250535,,,,,,,,,,0.8663003444671631,0.8253820873029122,,,0.6268292682926829,0.8168498168498168,0.8149012641645336,,0.6439024209976196,,0.8168498168498168,,,,0.6236687979907642,,,,,,0.9002792239189148,0.3,,,,,,Adam,0.0009166890090979,15.0,,,32,1,64.0,,,"ResNet50V2 | dl:1, du1:64, dr:0.30000000000000004, opt:Adam, lr:0.0009166890090979595, bs:32",ResNet50V2,True,hyperparameter_optimization,52.0,completed
9cebd00aaba348ceb29bb2f16cc367f7,2,FAILED,2026-08-02 13:56:08.987000+00:00,2026-08-02 14:03:41.090000+00:00,,,,,,,,,,,,,,,,,,0.8941980004310608,,,,,,,1.0095281600952148,,,,,,,,,,,,,,,,,,,,,,,,,,0.6343101263046265,,,,,,,,0.5707316994667053,,,,,,,,,,,,,0.3,,,,,,Adam,0.0002179100559816,8.0,,,32,0,,,,"ResNet50V2 | dl:0, dr:0.30000000000000004, opt:Adam, lr:0.00021791005598164405, bs:32",ResNet50V2,True,hyperparameter_optimization,51.0,pruned
0582897fb15246e0b8a530da935a3ad5,2,FINISHED,2026-08-02 13:40:38.351000+00:00,2026-08-02 13:56:08.065000+00:00,,,,,,,,,,,,,,,,,,0.4507453739643097,,,,,0.6341463414634146,,0.9626181125640868,,,,,,,,,,,,,,,,0.630491565489595,,,,,,,,,,0.8418803215026855,0.7965051121615055,,,0.6341463414634146,0.7918192918192918,0.7915595261764172,,0.6268292665481567,,0.7918192918192918,,,,0.6305678375833255,,,,,,0.9216027855873108,0.4,,,,,,Adam,0.0006835278653967,15.0,,,32,1,64.0,,,"ResNet50V2 | dl:1, du1:64, dr:0.4, opt:Adam, lr:0.0006835278653967961, bs:32",ResNet50V2,True,hyperparameter_optimization,50.0,completed
9119f6c7b89140fb82a4bd540ef85a38,2,FAILED,2026-08-02 13:33:05.386000+00:00,2026-08-02 13:40:37.221000+00:00,,,,,,,,,,,,,,,,,,0.7732853293418884,,,,,,,0.9729645252227784,,,,,,,,,,,,,,,,,,,,,,,,,,0.7002441883087158,,,,,,,,0.6000000238418579,,,,,,,,,,,,,0.2,,,,,,Adam,0.0003240209877086,8.0,,,32,0,,,,"ResNet50V2 | dl:0, dr:0.2, opt:Adam, lr:0.0003240209877086444, bs:32",ResNet50V2,True,hyperparameter_optimization,49.0,pruned
5502d2656dcb40d583c6c1af7fe4578d,2,FINISHED,2026-08-02 13:16:56.399000+00:00,2026-08-02 13:33:04.407000+00:00,,,,,,,,,,,,,,,,,,0.3558723032474518,,,,,0.6390243902439025,,1.0152170658111572,,,,,,,,,,,,,,,,0.6382272082210847,,,,,,,,,,0.8595848679542542,0.8357044692298088,,,0.6390243902439025,0.8333333333333334,0.8337325135448014,,0.6000000238418579,,0.8333333333333334,,,,0.6384202162623348,,,,,,0.894845724105835,0.3,,,,,,Adam,0.0009941830979156,16.0,,,32,1,64.0,,,"ResNet50V2 | dl:1, du1:64, dr:0.30000000000000004, opt:Adam, lr:0.0009941830979156745, bs:32",ResNet50V2,True,hyperparameter_optimization,48.0,completed
41b5aa6bb7a14c80a35d49c8c200b49c,2,FAILED,2026-08-02 13:09:14.665000+00:00,2026-08-02 13:16:55.378000+00:00,,,,,,,,,,,,,,,,,,0.8324058055877686,,,,,,,0.950311005115509,,,,,,,,,,,,,,,,,,,,,,,,,,0.6623931527137756,,,,,,,,0.5926828980445862,,,,,,,,,,,,,0.4,,,,,,Adam,0.0004386674026905,8.0,,,32,0,,,,"ResNet50V2 | dl:0, dr:0.4, opt:Adam, lr:0.00043866740269052167, bs:32",ResNet50V2,True,hyperparameter_optimization,47.0,pruned
2a248ed0c88a49ddac4f1624e4e54e72,2,FAILED,2026-08-02 12:59:06.846000+00:00,2026-08-02 13:09:13.652000+00:00,,,,,,,,,,,,,,,,,,0.4742079377174377,,,,,,,0.9533419013023376,,,,,,,,,,,,,,,,,,,,,,,,,,0.8180708289146423,,,,,,,,0.6268292665481567,,,,,,,,,,,,,0.3,,,,,,Adam,0.0007727937391229,11.0,,,32,1,64.0,,,"ResNet50V2 | dl:1, du1:64, dr:0.30000000000000004, opt:Adam, lr:0.0007727937391229143, bs:32",ResNet50V2,True,hyperparameter_optimization,46.0,pruned
f1fdaeb8440e42dd87bf57201732d935,2,FINISHED,2026-08-02 12:45:41.032000+00:00,2026-08-02 12:59:05.706000+00:00,,,,,,,,,,,,,,,,,,0.3788957893848419,,,,,0.6317073170731707,,0.9434546232223512,,,,,,,,,,,,,,,,0.6140920944086367,,,,,,,,,,0.8711843490600586,0.7776591920345627,,,0.6317073170731707,0.7649572649572649,0.7529593038077392,,0.6487804651260376,,0.7649572649572649,,,,0.6289581062556231,,,,,,0.9267427921295166,0.3,,,,,,Adam,0.0005386736031168,13.0,,,32,1,128.0,,,"ResNet50V2 | dl:1, du1:128, dr:0.30000000000000004, opt:Adam, lr:0.0005386736031168975, bs:32",ResNet50V2,True,hyperparameter_optimization,45.0,completed
161fba78bada46078a1fc0efdfaf8c1c,2,FINISHED,2026-08-02 12:21:02.105000+00:00,2026-08-02 12:45:39.911000+00:00,,,,,,,,,,,,,,,,,,0.4151285290718078,,,,,0.6414634146341464,,0.931182324886322,,,,,,,,,,,,,,,,0.6390087593061878,,,,,,,,,,0.8455433249473572,0.8791948337934722,,,0.6414634146341464,0.8736263736263736,0.8721231422932157,,0.6292682886123657,,0.8736263736263736,,,,0.6393405000786468,,,,,,0.9143445491790771,0.4,,,,,,Adam,0.0006562668918596,25.0,,,32,1,64.0,,,"ResNet50V2 | dl:1, du1:64, dr:0.4, opt:Adam, lr:0.0006562668918596818, bs:32",ResNet50V2,True,hyperparameter_optimization,44.0,completed
078655ef3db241dd8090b7688079cdd1,2,FINISHED,2026-08-02 12:04:55.929000+00:00,2026-08-02 12:21:01.059000+00:00,,,,,,,,,,,,,,,,,,0.4571253359317779,,,,,0.6341463414634146,,0.9525318145751952,,,,,,,,,,,,,,,,0.6307222417811412,,,,,,,,,,0.8345543146133423,0.8116693574006953,,,0.6341463414634146,0.8028083028083028,0.799227709200224,,0.6170731782913208,,0.8028083028083028,,,,0.6326174503349975,,,,,,0.8905200362205505,0.4,,,,,,Adam,0.0005862132169455,16.0,,,32,1,64.0,,,"ResNet50V2 | dl:1, du1:64, dr:0.4, opt:Adam, lr:0.0005862132169455717, bs:32",ResNet50V2,True,hyperparameter_optimization,43.0,completed
72d623f449fe4dc8b8a2347946a4f953,2,FAILED,2026-08-02 11:57:32.267000+00:00,2026-08-02 12:04:54.791000+00:00,,,,,,,,,,,,,,,,,,0.6773824095726013,,,,,,,0.9587850570678712,,,,,,,,,,,,,,,,,,,,,,,,,,0.7503052353858948,,,,,,,,0.6268292665481567,,,,,,,,,,,,,0.4,,,,,,Adam,0.0003728003358699,8.0,,,32,1,64.0,,,"ResNet50V2 | dl:1, du1:64, dr:0.4, opt:Adam, lr:0.00037280033586998537, bs:32",ResNet50V2,True,hyperparameter_optimization,42.0,pruned
a3699f8e83344b1782c00bbb92b8f63a,2,FINISHED,2026-08-02 11:42:11.083000+00:00,2026-08-02 11:57:31.145000+00:00,,,,,,,,,,,,,,,,,,0.4689225554466247,,,,,0.6585365853658537,,0.9614261388778688,,,,,,,,,,,,,,,,0.6542740701938258,,,,,,,,,,0.8168498277664185,0.7993283902716986,,,0.6585365853658537,0.7997557997557998,0.7989650278380079,,0.6365853548049927,,0.7997557997557998,,,,0.6519567117327235,,,,,,0.9268203377723694,0.4,,,,,,Adam,0.0006558792876323,15.0,,,32,1,64.0,,,"ResNet50V2 | dl:1, du1:64, dr:0.4, opt:Adam, lr:0.000655879287632341, bs:32",ResNet50V2,True,hyperparameter_optimization,41.0,completed
c7998d5582554b2198e04682076945d1,2,FINISHED,2026-08-02 11:27:01.945000+00:00,2026-08-02 11:42:09.902000+00:00,,,,,,,,,,,,,,,,,,0.4709386825561523,,,,,0.651219512195122,,0.9290269613265992,,,,,,,,,,,,,,,,0.6498604287072801,,,,,,,,,,0.817460298538208,0.7973500230920274,,,0.651219512195122,0.78998778998779,0.7893358640775674,,0.6414633989334106,,0.78998778998779,,,,0.6528179597896006,,,,,,0.8884880542755127,0.4,,,,,,Adam,0.0006303184054452,15.0,,,32,1,64.0,,,"ResNet50V2 | dl:1, du1:64, dr:0.4, opt:Adam, lr:0.0006303184054452497, bs:32",ResNet50V2,True,hyperparameter_optimization,40.0,completed
1b83bf9b72d34fba8a30a57fd1926a7e,2,FAILED,2026-08-02 11:20:44.732000+00:00,2026-08-02 11:27:00.832000+00:00,,,,,,,,,,,,,,,,,,0.7848626971244812,,,,,,,0.9711052775382996,,,,,,,,,,,,,,,,,,,,,,,,,,0.6898657083511353,,,,,,,,0.5926828980445862,,,,,,,,,,,,,0.3,,0.0018280107896009,,,,AdamW,6.930759497496661e-05,8.0,,,16,2,256.0,256.0,,"ResNet50V2 | dl:2, du1:256, du2:256, dr:0.30000000000000004, opt:AdamW, lr:6.930759497496661e-05, wd:0.0018280107896009277, bs:16",ResNet50V2,True,hyperparameter_optimization,39.0,pruned
563b626979204543a766dc6c6d0cb152,2,FAILED,2026-08-02 11:10:36.461000+00:00,2026-08-02 11:20:43.377000+00:00,,,,,,,,,,,,,,,,,,0.5825991034507751,,,,,,,0.9476585388183594,,,,,,,,,,,,,,,,,,,,,,,,,,0.7643467783927917,,,,,,,,0.6292682886123657,,,,,,,,,,,,,0.2,,,,,,Adam,0.0002817689978893,11.0,,,32,2,128.0,64.0,,"ResNet50V2 | dl:2, du1:128, du2:64, dr:0.2, opt:Adam, lr:0.0002817689978893137, bs:32",ResNet50V2,True,hyperparameter_optimization,38.0,pruned
d67543bbc3b4420b9eadd99e497f0d04,2,FAILED,2026-08-02 11:03:11.517000+00:00,2026-08-02 11:10:35.316000+00:00,,,,,,,,,,,,,,,,,,0.898472011089325,,,,,,,0.9724207520484924,,,,,,,,,,,,,,,,,,,,,,,,,,0.6428571343421936,,,,,,,,0.5951219797134399,,,,,,,,,,,,,0.4,,5.279619543197268e-05,,,,AdamW,0.00028249630226,8.0,,,32,0,,,,"ResNet50V2 | dl:0, dr:0.4, opt:AdamW, lr:0.0002824963022600078, wd:5.279619543197268e-05, bs:32",ResNet50V2,True,hyperparameter_optimization,37.0,pruned
9ecc970fd5d24240af699ead17ceeece,2,FAILED,2026-08-02 10:55:45.172000+00:00,2026-08-02 11:03:10.513000+00:00,,,,,,,,,,,,,,,,,,0.3182109296321869,,,,,,,1.0657386779785156,,,,,,,,,,,,,,,,,,,,,,,,,,0.8882783651351929,,,,,,,,0.6048780679702759,,,,,,,,,,,,,0.3,,,,,,Adam,0.0006586868983308,8.0,,,32,1,512.0,,,"ResNet50V2 | dl:1, du1:512, dr:0.30000000000000004, opt:Adam, lr:0.0006586868983308245, bs:32",ResNet50V2,True,hyperparameter_optimization,36.0,pruned
0e432aad2e5f4a62a28e83cad9bcc9f3,2,FINISHED,2026-08-02 10:42:07.949000+00:00,2026-08-02 10:55:44.009000+00:00,,,,,,,,,,,,,,,,,,0.3596794903278351,,,,,0.6390243902439025,,0.9721624851226808,,,,,,,,,,,,,,,,0.6388500703476305,,,,,,,,,,0.8736263513565063,0.7963223024819102,,,0.6390243902439025,0.7881562881562881,0.7865592994723645,,0.6390243768692017,,0.7881562881562881,,,,0.6470198591708262,,,,,,0.9101820588111876,0.2,,,,,,Adam,0.0009894299522168,13.0,,,32,1,64.0,,,"ResNet50V2 | dl:1, du1:64, dr:0.2, opt:Adam, lr:0.0009894299522168798, bs:32",ResNet50V2,True,hyperparameter_optimization,35.0,completed
b0e1a3cda83842399f3315c099076d8b,2,FAILED,2026-08-02 10:31:59.262000+00:00,2026-08-02 10:42:06.928000+00:00,,,,,,,,,,,,,,,,,,0.461518794298172,,,,,,,0.9516961574554444,,,,,,,,,,,,,,,,,,,,,,,,,,0.8266178369522095,,,,,,,,0.6097561120986938,,,,,,,,,,,,,0.2,,,,,,Adam,0.0006195022899426,11.0,,,32,1,64.0,,,"ResNet50V2 | dl:1, du1:64, dr:0.2, opt:Adam, lr:0.0006195022899426935, bs:32",ResNet50V2,True,hyperparameter_optimization,34.0,pruned
e48db98eb4c54398ba4868fe443a6e78,2,FINISHED,2026-08-02 10:15:49.929000+00:00,2026-08-02 10:31:58.132000+00:00,,,,,,,,,,,,,,,,,,0.3442413806915283,,,,,0.6634146341463415,,0.9539726972579956,,,,,,,,,,,,,,,,0.6586125887427373,,,,,,,,,,0.8797313570976257,0.8458931612856515,,,0.6634146341463415,0.8412698412698413,0.8400004700738369,,0.6463414430618286,,0.8412698412698413,,,,0.6567331605907694,,,,,,0.8708182573318481,0.2,,,,,,Adam,0.0006325892847285,16.0,,,32,1,64.0,,,"ResNet50V2 | dl:1, du1:64, dr:0.2, opt:Adam, lr:0.0006325892847285091, bs:32",ResNet50V2,True,hyperparameter_optimization,33.0,completed
ea31f52edfe848369863252aab7241cb,2,FINISHED,2026-08-02 09:56:02.355000+00:00,2026-08-02 10:15:48.749000+00:00,,,,,,,,,,,,,,,,,,0.5797262191772461,,,,,0.6195121951219512,,0.9195905923843384,,,,,,,,,,,,,,,,0.6191047971653754,,,,,,,,,,0.7728937864303589,0.7913900036957636,,,0.6195121951219512,0.7844932844932845,0.7849375287876409,,0.6268292665481567,,0.7844932844932845,,,,0.6206465910394837,,,,,,0.9123516082763672,0.2,,,,,,Adam,0.0001352994050488,20.0,,,32,1,64.0,,,"ResNet50V2 | dl:1, du1:64, dr:0.2, opt:Adam, lr:0.00013529940504881653, bs:32",ResNet50V2,True,hyperparameter_optimization,32.0,completed
fd6156781b5545299d6ff0dba673d393,2,FAILED,2026-08-02 09:48:40.385000+00:00,2026-08-02 09:56:01.184000+00:00,,,,,,,,,,,,,,,,,,0.8121615052223206,,,,,,,0.9570225477218628,,,,,,,,,,,,,,,,,,,,,,,,,,0.6697191596031189,,,,,,,,0.6000000238418579,,,,,,,,,,,,,0.5,,,,,,Adam,0.000316370543987,8.0,,,32,1,64.0,,,"ResNet50V2 | dl:1, du1:64, dr:0.5, opt:Adam, lr:0.0003163705439870477, bs:32",ResNet50V2,True,hyperparameter_optimization,31.0,pruned
9ce98190bdee427bb0ce6a01c2cd3e6d,2,FAILED,2026-08-02 09:42:25.730000+00:00,2026-08-02 09:48:39.247000+00:00,,,,,,,,,,,,,,,,,,0.8616397380828857,,,,,,,0.9652689695358276,,,,,,,,,,,,,,,,,,,,,,,,,,0.6477411389350891,,,,,,,,0.6000000238418579,,,,,,,,,,,,,0.3,,,,,,Adam,5.5853397837723325e-05,8.0,,,16,2,128.0,512.0,,"ResNet50V2 | dl:2, du1:128, du2:512, dr:0.30000000000000004, opt:Adam, lr:5.5853397837723325e-05, bs:16",ResNet50V2,True,hyperparameter_optimization,30.0,pruned
e5a46031d5494541be0e76e69b49126f,2,FAILED,2026-08-02 09:36:08.909000+00:00,2026-08-02 09:42:24.533000+00:00,,,,,,,,,,,,,,,,,,0.7992986440658569,,,,,,,0.9758663177490234,,,,,,,,,,,,,,,,,,,,,,,,,,0.6849817037582397,,,,,,,,0.5853658318519592,,,,,,,,,,,,,0.4,,1.1335436197569259e-07,,,,AdamW,4.977963802226768e-05,8.0,,,16,1,256.0,,,"ResNet50V2 | dl:1, du1:256, dr:0.4, opt:AdamW, lr:4.977963802226768e-05, wd:1.1335436197569258e-07, bs:16",ResNet50V2,True,hyperparameter_optimization,29.0,pruned
b3aab46b59584ce7ad7b92cfe0e64403,2,FAILED,2026-08-02 09:28:45.505000+00:00,2026-08-02 09:36:07.696000+00:00,,,,,,,,,,,,,,,,,,0.8378451466560364,,,,,,,0.956039547920227,,,,,,,,,,,,,,,,,,,,,,,,,,0.6459096670150757,,,,,,,,0.6000000238418579,,,,,,,,,,,,,0.5,,,,,,Adam,0.0005215102045117,8.0,,,32,0,,,,"ResNet50V2 | dl:0, dr:0.5, opt:Adam, lr:0.00052151020451177, bs:32",ResNet50V2,True,hyperparameter_optimization,28.0,pruned
103f159323ca4a43a87855a358af6d74,2,FAILED,2026-08-02 09:22:26.819000+00:00,2026-08-02 09:28:44.510000+00:00,,,,,,,,,,,,,,,,,,1.158036708831787,,,,,,,1.1648955345153809,,,,,,,,,,,,,,,,,,,,,,,,,,0.5402930378913879,,,,,,,,0.504878044128418,,,,,,,,,,,,,0.5,,0.0003716662576613,,,,AdamW,1.114839980591351e-05,8.0,,,16,1,512.0,,,"ResNet50V2 | dl:1, du1:512, dr:0.5, opt:AdamW, lr:1.114839980591351e-05, wd:0.0003716662576613934, bs:16",ResNet50V2,True,hyperparameter_optimization,27.0,pruned
d430a398e46f46b08c2629236b4c9084,2,FAILED,2026-08-02 09:14:52.669000+00:00,2026-08-02 09:22:25.606000+00:00,,,,,,,,,,,,,,,,,,1.3348711729049685,,,,,,,1.145117163658142,,,,,,,,,,,,,,,,,,,,,,,,,,0.4468864500522613,,,,,,,,0.5097560882568359,,,,,,,,,,,,,0.4,,,,,,Adam,6.76408282550388e-05,8.0,,,32,0,,,,"ResNet50V2 | dl:0, dr:0.4, opt:Adam, lr:6.76408282550388e-05, bs:32",ResNet50V2,True,hyperparameter_optimization,26.0,pruned
0d0cabb2ec974d21a7b49074c5f1a3fd,2,FINISHED,2026-08-02 08:55:08.673000+00:00,2026-08-02 09:14:51.831000+00:00,,,,,,,,,,,,,,,,,,0.5137423872947693,,,,,0.6,,0.966321349143982,,,,,,,,,,,,,,,,0.6004435168584299,,,,,,,,,,0.8052502870559692,0.8125102174920408,,,0.6,0.8028083028083028,0.8020496713893158,,0.6414633989334106,,0.8028083028083028,,,,0.6077822591642953,,,,,,0.9173284769058228,0.5,,,,,,Adam,0.0002374571612725,20.0,,,32,2,256.0,512.0,,"ResNet50V2 | dl:2, du1:256, du2:512, dr:0.5, opt:Adam, lr:0.00023745716127254344, bs:32",ResNet50V2,True,hyperparameter_optimization,25.0,completed
327735753d7c43e692ec0cbd9f27ee3f,2,FAILED,2026-08-02 08:48:53.444000+00:00,2026-08-02 08:55:07.385000+00:00,,,,,,,,,,,,,,,,,,0.759218692779541,,,,,,,0.989668309688568,,,,,,,,,,,,,,,,,,,,,,,,,,0.6904761791229248,,,,,,,,0.5682926774024963,,,,,,,,,,,,,0.4,,2.6317980555310217e-06,,,,AdamW,0.0003247704211428,8.0,,,16,0,,,,"ResNet50V2 | dl:0, dr:0.4, opt:AdamW, lr:0.00032477042114282807, wd:2.6317980555310217e-06, bs:16",ResNet50V2,True,hyperparameter_optimization,24.0,pruned
d186514f8c524496b0f4a38849541418,2,FAILED,2026-08-02 08:38:28.849000+00:00,2026-08-02 08:48:52.281000+00:00,,,,,,,,,,,,,,,,,,0.7094611525535583,,,,,,,0.9539351463317872,,,,,,,,,,,,,,,,,,,,,,,,,,0.7014651894569397,,,,,,,,0.6195122003555298,,,,,,,,,,,,,0.5,,,,,,Adam,0.0008300343400692,11.0,,,32,0,,,,"ResNet50V2 | dl:0, dr:0.5, opt:Adam, lr:0.0008300343400692307, bs:32",ResNet50V2,True,hyperparameter_optimization,23.0,pruned
b6260b5d2444491eb0ff930b3d579968,2,FAILED,2026-08-02 08:30:50.725000+00:00,2026-08-02 08:38:27.861000+00:00,,,,,,,,,,,,,,,,,,0.8738805055618286,,,,,,,1.0023725032806396,,,,,,,,,,,,,,,,,,,,,,,,,,0.6446886658668518,,,,,,,,0.5804877877235413,,,,,,,,,,,,,0.5,,,,,,Adam,0.0004317343156005,8.0,,,32,0,,,,"ResNet50V2 | dl:0, dr:0.5, opt:Adam, lr:0.0004317343156005071, bs:32",ResNet50V2,True,hyperparameter_optimization,22.0,pruned
d1b917affd894120a89572ae69226535,2,FAILED,2026-08-02 08:23:13.867000+00:00,2026-08-02 08:30:49.720000+00:00,,,,,,,,,,,,,,,,,,0.8791001439094543,,,,,,,1.0085870027542114,,,,,,,,,,,,,,,,,,,,,,,,,,0.6410256624221802,,,,,,,,0.6121951341629028,,,,,,,,,,,,,0.5,,,,,,Adam,0.0003982809026629,8.0,,,32,0,,,,"ResNet50V2 | dl:0, dr:0.5, opt:Adam, lr:0.0003982809026629999, bs:32",ResNet50V2,True,hyperparameter_optimization,21.0,pruned
c8d873afc82e457f819e0ea85f8693ff,2,FAILED,2026-08-02 08:15:45.642000+00:00,2026-08-02 08:23:12.879000+00:00,,,,,,,,,,,,,,,,,,0.7176451086997986,,,,,,,0.9549054503440856,,,,,,,,,,,,,,,,,,,,,,,,,,0.7075701951980591,,,,,,,,0.5926828980445862,,,,,,,,,,,,,0.3,,,,,,Adam,0.0004852160305816,8.0,,,32,0,,,,"ResNet50V2 | dl:0, dr:0.30000000000000004, opt:Adam, lr:0.0004852160305816617, bs:32",ResNet50V2,True,hyperparameter_optimization,20.0,pruned
6f5304e7de1443928f0f04c69d5035bb,2,FINISHED,2026-08-02 07:54:57.453000+00:00,2026-08-02 08:15:44.671000+00:00,,,,,,,,,,,,,,,,,,0.5360332727432251,,,,,0.6219512195121951,,0.9240558743476868,,,,,,,,,,,,,,,,0.6197160145448274,,,,,,,,,,0.791208803653717,0.8269005579475531,,,0.6219512195121951,0.8186813186813187,0.8168038624867336,,0.6195122003555298,,0.8186813186813187,,,,0.6242766002594148,,,,,,0.9216238856315612,0.4,,,,,,Adam,0.0009489734738198,21.0,,,32,0,,,,"ResNet50V2 | dl:0, dr:0.4, opt:Adam, lr:0.0009489734738198948, bs:32",ResNet50V2,True,hyperparameter_optimization,19.0,completed
2fec54c637f4425bb000330bcc355c9c,2,RUNNING,2026-08-02 07:19:02.329000+00:00,,,,,,,,,,,,,,,,,,,0.5328024625778198,,,,,,,0.907926380634308,,,,,,,,,,,,,,,,,,,,,,,,,,0.7857142686843872,,,,,,,,0.6243902444839478,,,,,,,,,,,,,0.4,,,,,,Adam,0.0008119759660131,31.0,,,32,0,,,,"ResNet50V2 | dl:0, dr:0.4, opt:Adam, lr:0.0008119759660131827, bs:32",ResNet50V2,True,hyperparameter_optimization,18.0,
ad90383de7d948abb375e00162a12137,2,FINISHED,2026-08-02 06:36:43.461000+00:00,2026-08-02 07:19:01.332000+00:00,,,,,,,,,,,,,,,,,,0.5438045859336853,,,,,0.6317073170731707,,0.8928385376930237,,,,,,,,,,,,,,,,0.6274597897233327,,,,,,,,,,0.7753357887268066,0.8628810932839835,,,0.6317073170731707,0.8583638583638583,0.8570958786890149,,0.6268292665481567,,0.8583638583638583,,,,0.6284013605442176,,,,,,0.8864229321479797,0.5,,,,,,Adam,0.0008064428251309,45.0,,,32,0,,,,"ResNet50V2 | dl:0, dr:0.5, opt:Adam, lr:0.0008064428251309104, bs:32",ResNet50V2,True,hyperparameter_optimization,17.0,completed
60961f3a0e7c4933acae2a6b7540af85,2,FAILED,2026-08-02 06:30:29.960000+00:00,2026-08-02 06:36:42.540000+00:00,,,,,,,,,,,,,,,,,,1.231475830078125,,,,,,,1.1893635988235474,,,,,,,,,,,,,,,,,,,,,,,,,,0.4945054948329925,,,,,,,,0.497560977935791,,,,,,,,,,,,,0.3,,0.0093599774918452,,,,AdamW,4.747875525539655e-05,8.0,,,16,0,,,,"ResNet50V2 | dl:0, dr:0.30000000000000004, opt:AdamW, lr:4.747875525539655e-05, wd:0.009359977491845221, bs:16",ResNet50V2,True,hyperparameter_optimization,16.0,pruned
634295fec81d471eacdc4ee21140541e,2,FINISHED,2026-08-02 06:05:49.189000+00:00,2026-08-02 06:30:28.796000+00:00,,,,,,,,,,,,,,,,,,0.4662297964096069,,,,,0.6707317073170732,,0.9227532148361206,,,,,,,,,,,,,,,,0.664605040607361,,,,,,,,,,0.8211233019828796,0.8578279055281343,,,0.6707317073170732,0.8571428571428571,0.8555586821762023,,0.6414633989334106,,0.8571428571428571,,,,0.6653183097943011,,,,,,0.8903449177742004,0.3,,,,,,Adam,0.0008444089174111,25.0,,,32,0,,,,"ResNet50V2 | dl:0, dr:0.30000000000000004, opt:Adam, lr:0.0008444089174111167, bs:32",ResNet50V2,True,hyperparameter_optimization,15.0,completed
7a0d4f1efd0e417493edff7e5d168128,2,FINISHED,2026-08-02 05:49:35.662000+00:00,2026-08-02 06:05:48.118000+00:00,,,,,,,,,,,,,,,,,,0.3424346148967743,,,,,0.6390243902439025,,0.9477366209030152,,,,,,,,,,,,,,,,0.6353686309052172,,,,,,,,,,0.8730158805847168,0.8812918696935235,,,0.6390243902439025,0.8760683760683761,0.8750479213374941,,0.6439024209976196,,0.8760683760683761,,,,0.6459724609219709,,,,,,0.916584312915802,0.5,,0.0001886979885137,,,,AdamW,0.0001713277172391,19.0,,,16,1,512.0,,,"ResNet50V2 | dl:1, du1:512, dr:0.5, opt:AdamW, lr:0.00017132771723914132, wd:0.0001886979885137918, bs:16",ResNet50V2,True,hyperparameter_optimization,14.0,completed
496aa18212e4467cbf1e98a73dec8fe4,2,FAILED,2026-08-02 05:42:15.525000+00:00,2026-08-02 05:49:34.524000+00:00,,,,,,,,,,,,,,,,,,0.9443549513816832,,,,,,,1.060118556022644,,,,,,,,,,,,,,,,,,,,,,,,,,0.6074481010437012,,,,,,,,0.5414634346961975,,,,,,,,,,,,,0.2,,8.349682681869564e-07,,,,AdamW,0.0001411624829008,8.0,,,32,0,,,,"ResNet50V2 | dl:0, dr:0.2, opt:AdamW, lr:0.00014116248290083462, wd:8.349682681869564e-07, bs:32",ResNet50V2,True,hyperparameter_optimization,13.0,pruned
1e00baad1760411fbe98ee0c9b1b6aa6,2,FAILED,2026-08-02 05:36:04.381000+00:00,2026-08-02 05:42:14.412000+00:00,,,,,,,,,,,,,,,,,,1.0213507413864136,,,,,,,0.9883360862731934,,,,,,,,,,,,,,,,,,,,,,,,,,0.5909646153450012,,,,,,,,0.5975610017776489,,,,,,,,,,,,,0.3,,,,,,Adam,0.0001133889261053,8.0,,,16,2,64.0,64.0,,"ResNet50V2 | dl:2, du1:64, du2:64, dr:0.30000000000000004, opt:Adam, lr:0.00011338892610537933, bs:16",ResNet50V2,True,hyperparameter_optimization,12.0,pruned
fdff4386ef2e4f13a16eac1ae8bab7ba,2,FINISHED,2026-08-02 05:16:17.870000+00:00,2026-08-02 05:36:03.102000+00:00,,,,,,,,,,,,,,,,,,0.3989424705505371,,,,,0.6292682926829268,,0.9556968808174132,,,,,,,,,,,,,,,,0.6297427550316855,,,,,,,,,,0.8498168587684631,0.8798966772909337,,,0.6292682926829268,0.8772893772893773,0.8767460695094881,,0.6195122003555298,,0.8772893772893773,,,,0.6311835342491355,,,,,,0.9449406266212464,0.2,,,,,,Adam,0.0008550546562097,24.0,,,16,0,,,,"ResNet50V2 | dl:0, dr:0.2, opt:Adam, lr:0.0008550546562097814, bs:16",ResNet50V2,True,hyperparameter_optimization,11.0,completed
bda5ead24c2b417e9023f9b284535161,2,FAILED,2026-08-02 05:10:09.662000+00:00,2026-08-02 05:16:16.790000+00:00,,,,,,,,,,,,,,,,,,1.1657986640930176,,,,,,,1.0414637327194214,,,,,,,,,,,,,,,,,,,,,,,,,,0.5231990218162537,,,,,,,,0.5756097435951233,,,,,,,,,,,,,0.5,,0.005593431720167,,,,AdamW,0.0001100332631921,8.0,,,16,0,,,,"ResNet50V2 | dl:0, dr:0.5, opt:AdamW, lr:0.00011003326319211724, wd:0.005593431720167075, bs:16",ResNet50V2,True,hyperparameter_optimization,10.0,pruned
c18a2511358e4dfb9ede8df326a9aa7d,2,FAILED,2026-08-02 05:02:46.067000+00:00,2026-08-02 05:10:08.524000+00:00,,,,,,,,,,,,,,,,,,1.019744634628296,,,,,,,1.099540114402771,,,,,,,,,,,,,,,,,,,,,,,,,,0.6001220941543579,,,,,,,,0.5536585450172424,,,,,,,,,,,,,0.3,,,,,,Adam,1.748393190604017e-05,8.0,,,32,1,512.0,,,"ResNet50V2 | dl:1, du1:512, dr:0.30000000000000004, opt:Adam, lr:1.748393190604017e-05, bs:32",ResNet50V2,True,hyperparameter_optimization,9.0,pruned
60374482bd6a45b4908442210f256397,2,FAILED,2026-08-02 04:55:25.431000+00:00,2026-08-02 05:02:44.987000+00:00,,,,,,,,,,,,,,,,,,1.3506274223327637,,,,,,,1.2569096088409424,,,,,,,,,,,,,,,,,,,,,,,,,,0.4737484753131866,,,,,,,,0.497560977935791,,,,,,,,,,,,,0.4,,0.0006250191439004,,,,AdamW,3.2561657847318864e-05,8.0,,,32,1,64.0,,,"ResNet50V2 | dl:1, du1:64, dr:0.4, opt:AdamW, lr:3.2561657847318864e-05, wd:0.0006250191439004608, bs:32",ResNet50V2,True,hyperparameter_optimization,8.0,pruned
e358165db290444fa7af134934aae3e6,2,FINISHED,2026-08-02 03:49:36.125000+00:00,2026-08-02 04:55:24.093000+00:00,,,,,,,,,,,,,,,,,,0.8077961802482605,,,,,0.6219512195121951,,0.9424917697906494,,,,,,,,,,,,,,,,0.6209083085602985,,,,,,,,,,0.6691086888313293,0.753553853539386,,,0.6219512195121951,0.7527472527472527,0.7493701284485914,,0.6243902444839478,,0.7527472527472527,,,,0.6227945353184452,,,,,,0.9424519538879396,0.3,,,,,,Adam,2.4152693847080165e-05,71.0,,,32,2,64.0,128.0,,"ResNet50V2 | dl:2, du1:64, du2:128, dr:0.30000000000000004, opt:Adam, lr:2.4152693847080165e-05, bs:32",ResNet50V2,True,hyperparameter_optimization,7.0,completed
dc2ee645cd0749b98bd0833eb40d5261,2,FINISHED,2026-08-02 02:33:29.259000+00:00,2026-08-02 03:49:34.827000+00:00,,,,,,,,,,,,,,,,,,0.6369583606719971,,,,,0.5951219512195122,,0.9520291686058044,,,,,,,,,,,,,,,,0.5963374717987342,,,,,,,,,,0.7564102411270142,0.7939466487370128,,,0.5951219512195122,0.7881562881562881,0.7880784591323666,,0.5926828980445862,,0.7881562881562881,,,,0.6009733298497599,,,,,,0.9505506753921508,0.2,,,,,,Adam,1.3622410783931968e-05,83.0,,,32,1,128.0,,,"ResNet50V2 | dl:1, du1:128, dr:0.2, opt:Adam, lr:1.3622410783931968e-05, bs:32",ResNet50V2,True,hyperparameter_optimization,6.0,completed
2d20fec620a244b287795ff4634917ef,2,FINISHED,2026-08-02 02:16:15.360000+00:00,2026-08-02 02:33:28.138000+00:00,,,,,,,,,,,,,,,,,,0.4611697793006897,,,,,0.6317073170731707,,0.985094666481018,,,,,,,,,,,,,,,,0.6320071328188805,,,,,,,,,,0.8131868243217468,0.8549907474449842,,,0.6317073170731707,0.854090354090354,0.8532993178685635,,0.6390243768692017,,0.854090354090354,,,,0.634276483462559,,,,,,0.9235418438911438,0.5,,1.2408709217378583e-05,,,,AdamW,0.0006492284276816,21.0,,,16,1,64.0,,,"ResNet50V2 | dl:1, du1:64, dr:0.5, opt:AdamW, lr:0.0006492284276816792, wd:1.2408709217378583e-05, bs:16",ResNet50V2,True,hyperparameter_optimization,5.0,completed
f9b6b2d1dd6940e9953b997dd68d545f,2,FINISHED,2026-08-02 01:58:14.500000+00:00,2026-08-02 02:16:14.064000+00:00,,,,,,,,,,,,,,,,,,0.5899205803871155,,,,,0.6219512195121951,,0.9149230122566224,,,,,,,,,,,,,,,,0.6136469669382821,,,,,,,,,,0.7667887806892395,0.8170004339880819,,,0.6219512195121951,0.8125763125763126,0.8093090404859097,,0.6219512224197388,,0.8125763125763126,,,,0.616581444106947,,,,,,0.897036075592041,0.5,,0.0007684617650615,,,,AdamW,0.0002135811603294,22.0,,,16,1,64.0,,,"ResNet50V2 | dl:1, du1:64, dr:0.5, opt:AdamW, lr:0.00021358116032948408, wd:0.0007684617650615006, bs:16",ResNet50V2,True,hyperparameter_optimization,4.0,completed
8b3df39a10c248dab5ca6c40dd1aac62,2,FINISHED,2026-08-02 01:05:39.923000+00:00,2026-08-02 01:58:13.312000+00:00,,,,,,,,,,,,,,,,,,0.550426721572876,,,,,0.6317073170731707,,0.938244640827179,,,,,,,,,,,,,,,,0.6288212187284328,,,,,,,,,,0.7887668013572693,0.843859349978056,,,0.6317073170731707,0.8418803418803419,0.840637570005854,,0.6341463327407837,,0.8418803418803419,,,,0.6277795036737597,,,,,,0.9362413883209229,0.4,,1.2064349043122845e-07,,,,AdamW,1.621924770154008e-05,68.0,,,16,1,256.0,,,"ResNet50V2 | dl:1, du1:256, dr:0.4, opt:AdamW, lr:1.621924770154008e-05, wd:1.2064349043122843e-07, bs:16",ResNet50V2,True,hyperparameter_optimization,3.0,completed
2ec2ea791a3f42e6aaee01aa53c8f970,2,FINISHED,2026-08-02 00:34:54.055000+00:00,2026-08-02 01:05:38.617000+00:00,,,,,,,,,,,,,,,,,,0.4047650396823883,,,,,0.624390243902439,,0.9266118407249452,,,,,,,,,,,,,,,,0.6237211443287818,,,,,,,,,,0.8424908518791199,0.8795532768605835,,,0.624390243902439,0.8766788766788767,0.8761511399560001,,0.6268292665481567,,0.8766788766788767,,,,0.6283586059325916,,,,,,0.9044718146324158,0.2,,,,,,Adam,0.0001904323445876,33.0,,,32,1,64.0,,,"ResNet50V2 | dl:1, du1:64, dr:0.2, opt:Adam, lr:0.0001904323445876234, bs:32",ResNet50V2,True,hyperparameter_optimization,2.0,completed
98241901eb934f41affdd71a4557955e,2,FINISHED,2026-08-02 00:19:53.501000+00:00,2026-08-02 00:34:52.835000+00:00,,,,,,,,,,,,,,,,,,0.5070776343345642,,,,,0.6146341463414634,,0.9831211566925048,,,,,,,,,,,,,,,,0.6094831642795104,,,,,,,,,,0.8131868243217468,0.7644715631426253,,,0.6146341463414634,0.757020757020757,0.7523896701883699,,0.6414633989334106,,0.757020757020757,,,,0.6169913055215022,,,,,,0.950153112411499,0.4,,2.4154715683457484e-05,,,,AdamW,0.0007923381888158,15.0,,,32,2,64.0,256.0,,"ResNet50V2 | dl:2, du1:64, du2:256, dr:0.4, opt:AdamW, lr:0.0007923381888158849, wd:2.4154715683457484e-05, bs:32",ResNet50V2,True,hyperparameter_optimization,1.0,completed
b910cc0b787740a88f2f17416d713e8c,2,FINISHED,2026-08-01 23:56:26.832000+00:00,2026-08-02 00:19:52.170000+00:00,,,,,,,,,,,,,,,,,,0.4352206587791443,,,,,0.6317073170731707,,0.9400027990341188,,,,,,,,,,,,,,,,0.6306696594682062,,,,,,,,,,0.8351648449897766,0.8803291598343151,,,0.6317073170731707,0.8785103785103785,0.8774362038920804,,0.6365853548049927,,0.8785103785103785,,,,0.6331658550613988,,,,,,0.9251838326454164,0.4,,,,,,Adam,0.0001868263937872,29.0,,,16,1,128.0,,,"ResNet50V2 | dl:1, du1:128, dr:0.4, opt:Adam, lr:0.00018682639378722106, bs:16",ResNet50V2,True,hyperparameter_optimization,0.0,completed
dd8294fe70e145e5a3fc82632775c550,2,RUNNING,2026-08-01 22:23:53.738000+00:00,,,,,,,,,,,,,,,,,,,0.601643979549408,,,,,,,0.7668192982673645,,,,,,,,,,,,,,,,,,,,,,,,,,0.7655677795410156,,,,,,,,0.6853658556938171,,,,,,,,,,,,,0.2,,0.0013864694329999,,,,AdamW,0.0005579833462918,11.0,,,16,2,32.0,128.0,,"DenseNet121 | dl:2, du1:32, du2:128, dr:0.2, opt:AdamW, lr:0.0005579833462918042, wd:0.0013864694329999531, bs:16",DenseNet121,True,hyperparameter_optimization,64.0,
fdcacc323cfb442c8feb3391d077e319,2,FINISHED,2026-08-01 21:51:33.806000+00:00,2026-08-01 22:23:52.399000+00:00,,,,,,,,,,,,,,,,,,0.6138787269592285,,,,,0.7073170731707317,,0.7551673054695129,,,,,,,,,,,,,,,,0.7049621032763759,,,,,,,,,,0.7692307829856873,0.8185299800793615,,,0.7073170731707317,0.8089133089133089,0.8083797175237939,,0.6975609660148621,,0.8089133089133089,,,,0.7095166775172385,,,,,,0.7519801259040833,0.3,,0.0002242784673744,,,,AdamW,0.000780984742751,31.0,,,16,0,,,,"DenseNet121 | dl:0, dr:0.30000000000000004, opt:AdamW, lr:0.0007809847427510173, wd:0.00022427846737443417, bs:16",DenseNet121,True,hyperparameter_optimization,63.0,completed
78df65a6cb6e4e63905858103d5588ae,2,FAILED,2026-08-01 21:43:17.218000+00:00,2026-08-01 21:51:32.676000+00:00,,,,,,,,,,,,,,,,,,0.9855337738990784,,,,,,,0.8486197590827942,,,,,,,,,,,,,,,,,,,,,,,,,,0.6062270998954773,,,,,,,,0.6951219439506531,,,,,,,,,,,,,0.2,,,,,,Adam,0.0001272938931108,8.0,,,16,2,32.0,128.0,,"DenseNet121 | dl:2, du1:32, du2:128, dr:0.2, opt:Adam, lr:0.00012729389311085472, bs:16",DenseNet121,True,hyperparameter_optimization,62.0,pruned
97af0a3ddefa4bd483e2cc5ecd286c88,2,FAILED,2026-08-01 21:35:26.918000+00:00,2026-08-01 21:43:15.946000+00:00,,,,,,,,,,,,,,,,,,1.6627528667449951,,,,,,,1.61572527885437,,,,,,,,,,,,,,,,,,,,,,,,,,0.3156288266181946,,,,,,,,0.3073170781135559,,,,,,,,,,,,,0.2,,0.0006117912004433,,,,AdamW,1.0115154348749362e-05,8.0,,,16,1,32.0,,,"DenseNet121 | dl:1, du1:32, dr:0.2, opt:AdamW, lr:1.0115154348749362e-05, wd:0.000611791200443333, bs:16",DenseNet121,True,hyperparameter_optimization,61.0,pruned
ef50eb370d344faeb843ebfe4903bdf5,2,FINISHED,2026-08-01 20:59:48.572000+00:00,2026-08-01 21:35:25.687000+00:00,,,,,,,,,,,,,,,,,,0.4694080352783203,,,,,0.7073170731707317,,0.7965524196624756,,,,,,,,,,,,,,,,0.7036541652671671,,,,,,,,,,0.8223443031311035,0.8358738358204059,,,0.7073170731707317,0.8192918192918193,0.8194209170767648,,0.6975609660148621,,0.8192918192918193,,,,0.7082706905176023,,,,,,0.7351125478744507,0.2,,7.470489811750099e-05,,,,AdamW,0.0007958535810147,25.0,,,32,2,32.0,128.0,,"DenseNet121 | dl:2, du1:32, du2:128, dr:0.2, opt:AdamW, lr:0.0007958535810147989, wd:7.470489811750099e-05, bs:32",DenseNet121,True,hyperparameter_optimization,60.0,completed
942cb01a17bd490999907ad917882362,2,FINISHED,2026-08-01 20:36:21.279000+00:00,2026-08-01 20:59:47.191000+00:00,,,,,,,,,,,,,,,,,,0.448304682970047,,,,,0.7317073170731707,,0.7481282949447632,,,,,,,,,,,,,,,,0.72999712485676,,,,,,,,,,0.8260073065757751,0.8234021159034983,,,0.7317073170731707,0.818070818070818,0.8168406890615206,,0.7292683124542236,,0.818070818070818,,,,0.7341365123642859,,,,,,0.692127525806427,0.2,,0.0004544190975421,,,,AdamW,0.0007998201174686,22.0,,,16,2,32.0,128.0,,"DenseNet121 | dl:2, du1:32, du2:128, dr:0.2, opt:AdamW, lr:0.0007998201174686198, wd:0.000454419097542187, bs:16",DenseNet121,True,hyperparameter_optimization,59.0,completed
0b841d4018714872acd1a17ea569e7d0,2,FINISHED,2026-08-01 20:19:33.340000+00:00,2026-08-01 20:36:19.881000+00:00,,,,,,,,,,,,,,,,,,0.5380859971046448,,,,,0.7146341463414634,,0.7709602117538452,,,,,,,,,,,,,,,,0.7115586595122391,,,,,,,,,,0.7869352698326111,0.7890306553298626,,,0.7146341463414634,0.7765567765567766,0.7772642451633823,,0.70243901014328,,0.7765567765567766,,,,0.7128402641861354,,,,,,0.730343759059906,0.2,,0.0013929544499247,,,,AdamW,0.0008673572094577,15.0,,,16,2,32.0,128.0,,"DenseNet121 | dl:2, du1:32, du2:128, dr:0.2, opt:AdamW, lr:0.0008673572094577684, wd:0.0013929544499247492, bs:16",DenseNet121,True,hyperparameter_optimization,58.0,completed
08c348ff6ba545bab26c151437b808e5,2,FINISHED,2026-08-01 19:58:50.732000+00:00,2026-08-01 20:19:32.026000+00:00,,,,,,,,,,,,,,,,,,0.5150469541549683,,,,,0.7146341463414634,,0.7383381128311157,,,,,,,,,,,,,,,,0.7120199651525356,,,,,,,,,,0.8046398162841797,0.8124765592012851,,,0.7146341463414634,0.8064713064713065,0.8068470081545286,,0.7195122241973877,,0.8064713064713065,,,,0.7149784373999803,,,,,,0.7125241160392761,0.2,,0.0014283018511443,,,,AdamW,0.0008451370764412,19.0,,,16,2,32.0,128.0,,"DenseNet121 | dl:2, du1:32, du2:128, dr:0.2, opt:AdamW, lr:0.0008451370764412433, wd:0.0014283018511443441, bs:16",DenseNet121,True,hyperparameter_optimization,57.0,completed
da0c2c4ad0d34b86b7d50d3e89d2d123,2,FAILED,2026-08-01 19:40:26.204000+00:00,2026-08-01 19:58:49.469000+00:00,,,,,,,,,,,,,,,,,,0.4614016413688659,,,,,,,0.8195298910140991,,,,,,,,,,,,,,,,,,,,,,,,,,0.8205128312110901,,,,,,,,0.6804878115653992,,,,,,,,,,,,,0.2,,0.0004384051297846,,,,AdamW,0.0003349964915226,19.0,,,16,2,64.0,256.0,,"DenseNet121 | dl:2, du1:64, du2:256, dr:0.2, opt:AdamW, lr:0.0003349964915226257, wd:0.0004384051297846303, bs:16",DenseNet121,True,hyperparameter_optimization,56.0,pruned
69b959795f984a42a030e94a1aadfff5,2,FINISHED,2026-08-01 19:17:56.661000+00:00,2026-08-01 19:40:24.932000+00:00,,,,,,,,,,,,,,,,,,0.4036249220371246,,,,,0.7097560975609756,,0.8283412456512451,,,,,,,,,,,,,,,,0.707200236133816,,,,,,,,,,0.8424908518791199,0.8537043922847471,,,0.7097560975609756,0.8516483516483516,0.85109932453979,,0.7219512462615967,,0.8516483516483516,,,,0.7073755232902937,,,,,,0.7191774845123291,0.2,,0.001712893193482,,,,AdamW,0.0005720722557784,21.0,,,16,2,64.0,256.0,,"DenseNet121 | dl:2, du1:64, du2:256, dr:0.2, opt:AdamW, lr:0.0005720722557784407, wd:0.0017128931934820143, bs:16",DenseNet121,True,hyperparameter_optimization,55.0,completed
1a474447cd1047b6bd76c052058d67f8,2,FAILED,2026-08-01 18:59:34.222000+00:00,2026-08-01 19:17:55.281000+00:00,,,,,,,,,,,,,,,,,,0.3950682580471039,,,,,,,0.8331208229064941,,,,,,,,,,,,,,,,,,,,,,,,,,0.8547008633613586,,,,,,,,0.6902438998222351,,,,,,,,,,,,,0.2,,0.0043425798919572,,,,AdamW,0.0007029239920348,19.0,,,16,2,64.0,256.0,,"DenseNet121 | dl:2, du1:64, du2:256, dr:0.2, opt:AdamW, lr:0.0007029239920348192, wd:0.004342579891957213, bs:16",DenseNet121,True,hyperparameter_optimization,54.0,pruned
ad20ac694c224a44af827cb5d8f9f910,2,FAILED,2026-08-01 18:47:29.150000+00:00,2026-08-01 18:59:32.850000+00:00,,,,,,,,,,,,,,,,,,0.5612795352935791,,,,,,,0.787407398223877,,,,,,,,,,,,,,,,,,,,,,,,,,0.7930402755737305,,,,,,,,0.6926829218864441,,,,,,,,,,,,,0.3,,,,,,Adam,0.0004685434400637,9.0,,,32,2,256.0,256.0,,"DenseNet121 | dl:2, du1:256, du2:256, dr:0.30000000000000004, opt:Adam, lr:0.00046854344006373966, bs:32",DenseNet121,True,hyperparameter_optimization,53.0,pruned
396ab258af8244c49066c68f99339ad7,2,FAILED,2026-08-01 18:38:40.811000+00:00,2026-08-01 18:47:27.912000+00:00,,,,,,,,,,,,,,,,,,0.7095006108283997,,,,,,,0.7667630314826965,,,,,,,,,,,,,,,,,,,,,,,,,,0.718559205532074,,,,,,,,0.6975609660148621,,,,,,,,,,,,,0.2,,0.001250379446067,,,,AdamW,0.0006175008393713,9.0,,,16,0,,,,"DenseNet121 | dl:0, dr:0.2, opt:AdamW, lr:0.0006175008393713268, wd:0.0012503794460670748, bs:16",DenseNet121,True,hyperparameter_optimization,52.0,pruned
520af7b5f11b481f916290b021ec31a3,2,FAILED,2026-08-01 18:30:50.612000+00:00,2026-08-01 18:38:39.740000+00:00,,,,,,,,,,,,,,,,,,1.6366087198257446,,,,,,,1.4938658475875854,,,,,,,,,,,,,,,,,,,,,,,,,,0.3156288266181946,,,,,,,,0.4170731604099273,,,,,,,,,,,,,0.4,,,,,,Adam,3.70705169081926e-05,8.0,,,16,2,64.0,32.0,,"DenseNet121 | dl:2, du1:64, du2:32, dr:0.4, opt:Adam, lr:3.70705169081926e-05, bs:16",DenseNet121,True,hyperparameter_optimization,51.0,pruned
de7d3a6e8cf74b42a2857c490b2b8af8,2,FINISHED,2026-08-01 18:10:15.796000+00:00,2026-08-01 18:30:49.382000+00:00,,,,,,,,,,,,,,,,,,0.4227782785892486,,,,,0.6780487804878049,,0.7881659269332886,,,,,,,,,,,,,,,,0.6679335251552854,,,,,,,,,,0.8437118530273438,0.8372629988597853,,,0.6780487804878049,0.8308913308913309,0.8294177640603881,,0.6975609660148621,,0.8308913308913309,,,,0.6691839880706234,,,,,,0.7508275508880615,0.3,,3.077044659866236e-05,,,,AdamW,0.0004124672603969,19.0,,,16,2,128.0,256.0,,"DenseNet121 | dl:2, du1:128, du2:256, dr:0.30000000000000004, opt:AdamW, lr:0.0004124672603969379, wd:3.077044659866236e-05, bs:16",DenseNet121,True,hyperparameter_optimization,50.0,completed
5f91445a915b4b27b36d66fd30c74b29,2,FAILED,2026-08-01 18:02:23.573000+00:00,2026-08-01 18:10:14.407000+00:00,,,,,,,,,,,,,,,,,,1.015918493270874,,,,,,,0.9144476652145386,,,,,,,,,,,,,,,,,,,,,,,,,,0.5964590907096863,,,,,,,,0.6268292665481567,,,,,,,,,,,,,0.3,,,,,,Adam,8.812759566280388e-05,8.0,,,16,1,64.0,,,"DenseNet121 | dl:1, du1:64, dr:0.30000000000000004, opt:Adam, lr:8.812759566280388e-05, bs:16",DenseNet121,True,hyperparameter_optimization,49.0,pruned
4380df88079044398d3be8f521d5fe0f,2,FAILED,2026-08-01 17:53:36.032000+00:00,2026-08-01 18:02:22.561000+00:00,,,,,,,,,,,,,,,,,,0.901061475276947,,,,,,,0.7680678963661194,,,,,,,,,,,,,,,,,,,,,,,,,,0.6440781354904175,,,,,,,,0.6878048777580261,,,,,,,,,,,,,0.2,,0.0002683336070554,,,,AdamW,0.0002635830107784,9.0,,,16,2,32.0,64.0,,"DenseNet121 | dl:2, du1:32, du2:64, dr:0.2, opt:AdamW, lr:0.00026358301077848874, wd:0.00026833360705546383, bs:16",DenseNet121,True,hyperparameter_optimization,48.0,pruned
cb55154efdba4bc1b284f94712b95cb0,2,FINISHED,2026-08-01 17:36:47.446000+00:00,2026-08-01 17:53:34.701000+00:00,,,,,,,,,,,,,,,,,,0.411617249250412,,,,,0.7,,0.8426232933998108,,,,,,,,,,,,,,,,0.6933736409887823,,,,,,,,,,0.8345543146133423,0.8016612774892983,,,0.7,0.7875457875457875,0.7865786895621196,,0.70243901014328,,0.7875457875457875,,,,0.6996798454325788,,,,,,0.754451334476471,0.2,,0.0064231359203487,,,,AdamW,0.0007271960547053,15.0,,,16,2,64.0,256.0,,"DenseNet121 | dl:2, du1:64, du2:256, dr:0.2, opt:AdamW, lr:0.0007271960547053506, wd:0.006423135920348705, bs:16",DenseNet121,True,hyperparameter_optimization,47.0,completed
615020bb53194e96b24821fc18e471e5,2,FINISHED,2026-08-01 17:19:45.052000+00:00,2026-08-01 17:36:46.181000+00:00,,,,,,,,,,,,,,,,,,0.5015463829040527,,,,,0.7097560975609756,,0.7721967101097107,,,,,,,,,,,,,,,,0.7082768800549325,,,,,,,,,,0.8034188151359558,0.7860017721700243,,,0.7097560975609756,0.778998778998779,0.7796883792455445,,0.70243901014328,,0.778998778998779,,,,0.707977698552294,,,,,,0.7432489991188049,0.2,,0.0011407620129368,,,,AdamW,0.0004117614879621,15.0,,,16,2,64.0,256.0,,"DenseNet121 | dl:2, du1:64, du2:256, dr:0.2, opt:AdamW, lr:0.00041176148796217605, wd:0.0011407620129368738, bs:16",DenseNet121,True,hyperparameter_optimization,46.0,completed
a4bc91ad115a4b058b6512f90a7a7a61,2,RUNNING,2026-08-01 13:57:05.652000+00:00,,,,,,,,,,,,,,,,,,,0.4998279511928558,,,,,,,0.7893046140670776,,,,,,,,,,,,,,,,,,,,,,,,,,0.8205128312110901,,,,,,,,0.6878048777580261,,,,,,,,,,,,,0.2,,0.0013112356845973,,,,AdamW,0.0003630950543679,15.0,,,16,2,64.0,256.0,,"DenseNet121 | dl:2, du1:64, du2:256, dr:0.2, opt:AdamW, lr:0.0003630950543679152, wd:0.0013112356845973044, bs:16",DenseNet121,True,hyperparameter_optimization,45.0,
0aba3f0289af44488c3e3a5d9ceb6c17,2,FINISHED,2026-08-01 13:40:32.497000+00:00,2026-08-01 13:57:04.397000+00:00,,,,,,,,,,,,,,,,,,0.4254884123802185,,,,,0.7,,0.7540833353996277,,,,,,,,,,,,,,,,0.692657773205084,,,,,,,,,,0.841269850730896,0.7886564898230355,,,0.7,0.778998778998779,0.7737088969461168,,0.7195122241973877,,0.778998778998779,,,,0.700101793248667,,,,,,0.7116530537605286,0.2,,0.0016264495149223,,,,AdamW,0.0006379773238352,15.0,,,16,2,64.0,256.0,,"DenseNet121 | dl:2, du1:64, du2:256, dr:0.2, opt:AdamW, lr:0.0006379773238352291, wd:0.0016264495149223182, bs:16",DenseNet121,True,hyperparameter_optimization,44.0,completed
6812ff5915524a3191264234261e284f,2,FINISHED,2026-08-01 13:22:17.616000+00:00,2026-08-01 13:40:31.199000+00:00,,,,,,,,,,,,,,,,,,0.4113230109214782,,,,,0.7268292682926829,,0.7792794704437256,,,,,,,,,,,,,,,,0.7248766179171526,,,,,,,,,,0.8498168587684631,0.8263193615063974,,,0.7268292682926829,0.8168498168498168,0.8172915436772169,,0.714634120464325,,0.8168498168498168,,,,0.7279897376203059,,,,,,0.7326288819313049,0.2,,0.002755890720363,,,,AdamW,0.0006257357009855,17.0,,,16,2,64.0,256.0,,"DenseNet121 | dl:2, du1:64, du2:256, dr:0.2, opt:AdamW, lr:0.0006257357009855312, wd:0.0027558907203630995, bs:16",DenseNet121,True,hyperparameter_optimization,43.0,completed
9fe235e206f2449ba1931a28f169c48d,2,FAILED,2026-08-01 13:14:38.357000+00:00,2026-08-01 13:22:16.360000+00:00,,,,,,,,,,,,,,,,,,0.964049756526947,,,,,,,0.8331352472305298,,,,,,,,,,,,,,,,,,,,,,,,,,0.6330891251564026,,,,,,,,0.6707317233085632,,,,,,,,,,,,,0.4,,5.299625967147791e-06,,,,AdamW,0.0001942371086996,8.0,,,16,2,256.0,32.0,,"DenseNet121 | dl:2, du1:256, du2:32, dr:0.4, opt:AdamW, lr:0.00019423710869965953, wd:5.299625967147791e-06, bs:16",DenseNet121,True,hyperparameter_optimization,42.0,pruned
534a82ab5f5c4c5b90853bcc5014e87e,2,FINISHED,2026-08-01 12:51:23.271000+00:00,2026-08-01 13:14:37.051000+00:00,,,,,,,,,,,,,,,,,,0.4377382099628448,,,,,0.7048780487804878,,0.7889793515205383,,,,,,,,,,,,,,,,0.7027860879439128,,,,,,,,,,0.8400488495826721,0.8220997307614375,,,0.7048780487804878,0.8101343101343101,0.8098422085198153,,0.699999988079071,,0.8101343101343101,,,,0.7123382736571618,,,,,,0.7375134825706482,0.5,,6.794733686059377e-05,,,,AdamW,0.0009995899231074,22.0,,,16,1,128.0,,,"DenseNet121 | dl:1, du1:128, dr:0.5, opt:AdamW, lr:0.0009995899231074062, wd:6.794733686059377e-05, bs:16",DenseNet121,True,hyperparameter_optimization,41.0,completed
d4bdcdecf02840d18894344217925d68,2,FAILED,2026-08-01 12:43:42.713000+00:00,2026-08-01 12:51:22.008000+00:00,,,,,,,,,,,,,,,,,,1.3451203107833862,,,,,,,1.287415862083435,,,,,,,,,,,,,,,,,,,,,,,,,,0.4749694764614105,,,,,,,,0.4585365951061249,,,,,,,,,,,,,0.3,,,,,,Adam,2.284992661725842e-05,8.0,,,16,1,64.0,,,"DenseNet121 | dl:1, du1:64, dr:0.30000000000000004, opt:Adam, lr:2.284992661725842e-05, bs:16",DenseNet121,True,hyperparameter_optimization,40.0,pruned
8beeae5206784e40b93e1cabf8f5aa90,2,FINISHED,2026-08-01 12:28:11.195000+00:00,2026-08-01 12:43:41.733000+00:00,,,,,,,,,,,,,,,,,,0.3579425513744354,,,,,0.7195121951219512,,0.8428686261177063,,,,,,,,,,,,,,,,0.7198876658350692,,,,,,,,,,0.8565323352813721,0.8143746678172537,,,0.7195121951219512,0.7881562881562881,0.7889752899632433,,0.699999988079071,,0.7881562881562881,,,,0.7307683617186493,,,,,,0.7373984456062317,0.2,,0.0003609490427106,,,,AdamW,0.0005232598485798,14.0,,,16,2,256.0,256.0,,"DenseNet121 | dl:2, du1:256, du2:256, dr:0.2, opt:AdamW, lr:0.0005232598485798989, wd:0.00036094904271066135, bs:16",DenseNet121,True,hyperparameter_optimization,39.0,completed
10387a4ae74947f7960302d534e1bef6,2,FAILED,2026-08-01 12:20:27.051000+00:00,2026-08-01 12:28:09.857000+00:00,,,,,,,,,,,,,,,,,,1.1271742582321167,,,,,,,0.9346966743469238,,,,,,,,,,,,,,,,,,,,,,,,,,0.5415140390396118,,,,,,,,0.6585366129875183,,,,,,,,,,,,,0.4,,0.0028636118746011,,,,AdamW,0.0003137440540922,8.0,,,16,2,64.0,32.0,,"DenseNet121 | dl:2, du1:64, du2:32, dr:0.4, opt:AdamW, lr:0.00031374405409227756, wd:0.0028636118746011, bs:16",DenseNet121,True,hyperparameter_optimization,38.0,pruned
4ef89186d80e4c4e8e7cbc9fa7f6445b,2,FAILED,2026-08-01 12:12:41.963000+00:00,2026-08-01 12:20:25.704000+00:00,,,,,,,,,,,,,,,,,,0.9419174194335938,,,,,,,0.8442062735557556,,,,,,,,,,,,,,,,,,,,,,,,,,0.6367521286010742,,,,,,,,0.6560975313186646,,,,,,,,,,,,,0.3,,6.928234577276563e-06,,,,AdamW,0.0001333786273459,8.0,,,16,2,256.0,32.0,,"DenseNet121 | dl:2, du1:256, du2:32, dr:0.30000000000000004, opt:AdamW, lr:0.00013337862734594087, wd:6.928234577276563e-06, bs:16",DenseNet121,True,hyperparameter_optimization,37.0,pruned
c9b6b776668a45a1b5c1240325db882f,2,FINISHED,2026-08-01 11:56:12.371000+00:00,2026-08-01 12:12:40.690000+00:00,,,,,,,,,,,,,,,,,,0.4377947747707367,,,,,0.7097560975609756,,0.7908685207366943,,,,,,,,,,,,,,,,0.7051649463903686,,,,,,,,,,0.8388278484344482,0.8074273061007553,,,0.7097560975609756,0.8021978021978022,0.8012796648158577,,0.709756076335907,,0.8021978021978022,,,,0.7038895293656197,,,,,,0.7244582772254944,0.2,,0.0025652212238052,,,,AdamW,0.0006431110588486,15.0,,,16,2,64.0,256.0,,"DenseNet121 | dl:2, du1:64, du2:256, dr:0.2, opt:AdamW, lr:0.0006431110588486802, wd:0.002565221223805206, bs:16",DenseNet121,True,hyperparameter_optimization,36.0,completed
19c1584b630541c7bbb6c8a1bec89700,2,FAILED,2026-08-01 11:48:25.987000+00:00,2026-08-01 11:56:11.116000+00:00,,,,,,,,,,,,,,,,,,0.6907860040664673,,,,,,,0.8123336434364319,,,,,,,,,,,,,,,,,,,,,,,,,,0.7417582273483276,,,,,,,,0.6804878115653992,,,,,,,,,,,,,0.2,,0.0002906043390476,,,,AdamW,0.0003100774634594,8.0,,,16,2,256.0,32.0,,"DenseNet121 | dl:2, du1:256, du2:32, dr:0.2, opt:AdamW, lr:0.0003100774634594721, wd:0.00029060433904766275, bs:16",DenseNet121,True,hyperparameter_optimization,35.0,pruned
49e82dca67374bb09ad32d9e7406a274,2,FINISHED,2026-08-01 11:30:06.676000+00:00,2026-08-01 11:48:24.639000+00:00,,,,,,,,,,,,,,,,,,0.3961541354656219,,,,,0.7024390243902439,,0.8139830231666565,,,,,,,,,,,,,,,,0.6995137277568616,,,,,,,,,,0.860805869102478,0.8290859543838199,,,0.7024390243902439,0.8168498168498168,0.8166706652429527,,0.699999988079071,,0.8168498168498168,,,,0.706304527189142,,,,,,0.7471068501472473,0.2,,4.479376245902323e-05,,,,AdamW,0.0005322400579713,17.0,,,16,2,256.0,32.0,,"DenseNet121 | dl:2, du1:256, du2:32, dr:0.2, opt:AdamW, lr:0.0005322400579713184, wd:4.479376245902323e-05, bs:16",DenseNet121,True,hyperparameter_optimization,34.0,completed
86637f46e8204a9594d371db7dba43e0,2,FINISHED,2026-08-01 11:08:01.675000+00:00,2026-08-01 11:30:05.337000+00:00,,,,,,,,,,,,,,,,,,0.4293623268604278,,,,,0.6951219512195121,,0.7450690269470215,,,,,,,,,,,,,,,,0.6862390438140659,,,,,,,,,,0.8479853272438049,0.8429364892427798,,,0.6951219512195121,0.8418803418803419,0.8397460002560043,,0.707317054271698,,0.8418803418803419,,,,0.6858819093335233,,,,,,0.7190136313438416,0.2,,0.0001575462239708,,,,AdamW,0.0003893818232691,21.0,,,16,2,256.0,32.0,,"DenseNet121 | dl:2, du1:256, du2:32, dr:0.2, opt:AdamW, lr:0.00038938182326916633, wd:0.00015754622397085084, bs:16",DenseNet121,True,hyperparameter_optimization,33.0,completed
709825dbce454446b383cd43b50c3fe8,2,FAILED,2026-08-01 11:00:16.582000+00:00,2026-08-01 11:08:00.386000+00:00,,,,,,,,,,,,,,,,,,0.748681902885437,,,,,,,0.8129452466964722,,,,,,,,,,,,,,,,,,,,,,,,,,0.7106227278709412,,,,,,,,0.6756097674369812,,,,,,,,,,,,,0.4,,0.0001408621673926,,,,AdamW,0.0001314002151096,8.0,,,16,1,256.0,,,"DenseNet121 | dl:1, du1:256, dr:0.4, opt:AdamW, lr:0.00013140021510962623, wd:0.00014086216739269116, bs:16",DenseNet121,True,hyperparameter_optimization,32.0,pruned
f70bb606709141d18cef2d43ac562904,2,FINISHED,2026-08-01 10:26:46.623000+00:00,2026-08-01 11:00:15.310000+00:00,,,,,,,,,,,,,,,,,,0.6338461637496948,,,,,0.7097560975609756,,0.7413429617881775,,,,,,,,,,,,,,,,0.7023458051419187,,,,,,,,,,0.752136766910553,0.8047140915764043,,,0.7097560975609756,0.8015873015873016,0.7993585291124359,,0.714634120464325,,0.8015873015873016,,,,0.7040377873552,,,,,,0.7335512638092041,0.3,,,,,,Adam,0.0004646231195841,33.0,,,16,0,,,,"DenseNet121 | dl:0, dr:0.30000000000000004, opt:Adam, lr:0.0004646231195841242, bs:16",DenseNet121,True,hyperparameter_optimization,31.0,completed
7e353086cb5d421f9c4e16035bd92e80,2,FINISHED,2026-08-01 10:00:53.260000+00:00,2026-08-01 10:26:45.660000+00:00,,,,,,,,,,,,,,,,,,0.41909059882164,,,,,0.7024390243902439,,0.7685073018074036,,,,,,,,,,,,,,,,0.6954463816351208,,,,,,,,,,0.8516483306884766,0.8626625469133549,,,0.7024390243902439,0.8547008547008547,0.8538646608346114,,0.6951219439506531,,0.8547008547008547,,,,0.695180468426648,,,,,,0.7445484399795532,0.2,,,,,,Adam,0.000300306107879,25.0,,,16,1,128.0,,,"DenseNet121 | dl:1, du1:128, dr:0.2, opt:Adam, lr:0.00030030610787905207, bs:16",DenseNet121,True,hyperparameter_optimization,30.0,completed
cfb5db72a19743dfbc7665aaf016fa77,2,FAILED,2026-08-01 09:53:13.308000+00:00,2026-08-01 10:00:52.154000+00:00,,,,,,,,,,,,,,,,,,0.9622483253479004,,,,,,,0.8288809657096863,,,,,,,,,,,,,,,,,,,,,,,,,,0.6092796325683594,,,,,,,,0.6658536791801453,,,,,,,,,,,,,0.3,,0.0023357899363927,,,,AdamW,0.0001211563057932,8.0,,,16,2,256.0,32.0,,"DenseNet121 | dl:2, du1:256, du2:32, dr:0.30000000000000004, opt:AdamW, lr:0.00012115630579327692, wd:0.002335789936392746, bs:16",DenseNet121,True,hyperparameter_optimization,29.0,pruned
3c692e83f9ee41b0b23b6094c7312723,2,FAILED,2026-08-01 09:45:30.630000+00:00,2026-08-01 09:53:12.120000+00:00,,,,,,,,,,,,,,,,,,0.8192957639694214,,,,,,,0.8473608493804932,,,,,,,,,,,,,,,,,,,,,,,,,,0.6898657083511353,,,,,,,,0.6365853548049927,,,,,,,,,,,,,0.3,,,,,,Adam,7.166610108174188e-05,8.0,,,16,1,256.0,,,"DenseNet121 | dl:1, du1:256, dr:0.30000000000000004, opt:Adam, lr:7.166610108174188e-05, bs:16",DenseNet121,True,hyperparameter_optimization,28.0,pruned
996e4f3964914d958ee1f361e9e38203,2,FINISHED,2026-08-01 09:27:10.677000+00:00,2026-08-01 09:45:29.192000+00:00,,,,,,,,,,,,,,,,,,0.4616369307041168,,,,,0.7121951219512195,,0.765129804611206,,,,,,,,,,,,,,,,0.7112578127755241,,,,,,,,,,0.8363858461380005,0.8274398812988928,,,0.7121951219512195,0.8058608058608059,0.8070906299072741,,0.70243901014328,,0.8058608058608059,,,,0.720981548465029,,,,,,0.7297000885009766,0.2,,0.0001723210095042,,,,AdamW,0.0003631705235442,17.0,,,16,2,256.0,32.0,,"DenseNet121 | dl:2, du1:256, du2:32, dr:0.2, opt:AdamW, lr:0.00036317052354427375, wd:0.00017232100950429258, bs:16",DenseNet121,True,hyperparameter_optimization,27.0,completed
48cf249a942e4ddab7209e1890888633,2,FINISHED,2026-08-01 08:59:20.254000+00:00,2026-08-01 09:27:09.279000+00:00,,,,,,,,,,,,,,,,,,0.4779440760612488,,,,,0.7121951219512195,,0.7593700289726257,,,,,,,,,,,,,,,,0.7096886074810487,,,,,,,,,,0.8290598392486572,0.8571300103860667,,,0.7121951219512195,0.851037851037851,0.851483626712366,,0.6975609660148621,,0.851037851037851,,,,0.7110755976695315,,,,,,0.7119215130805969,0.3,,0.0001148754089643,,,,AdamW,0.0004754051785411,27.0,,,16,2,256.0,32.0,,"DenseNet121 | dl:2, du1:256, du2:32, dr:0.30000000000000004, opt:AdamW, lr:0.00047540517854112425, wd:0.000114875408964323, bs:16",DenseNet121,True,hyperparameter_optimization,26.0,completed
150460e0630e486887ad3464daf54bb4,2,FAILED,2026-08-01 08:48:44.588000+00:00,2026-08-01 08:59:18.707000+00:00,,,,,,,,,,,,,,,,,,1.035966157913208,,,,,,,0.9094810485839844,,,,,,,,,,,,,,,,,,,,,,,,,,0.5915750861167908,,,,,,,,0.6634146571159363,,,,,,,,,,,,,0.4,,1.3578001517124671e-06,,,,AdamW,0.0004447928917839,8.0,,,32,2,64.0,64.0,,"DenseNet121 | dl:2, du1:64, du2:64, dr:0.4, opt:AdamW, lr:0.0004447928917839921, wd:1.3578001517124671e-06, bs:32",DenseNet121,True,hyperparameter_optimization,25.0,pruned
e881405f432246edad9bff32547a05fa,2,FINISHED,2026-08-01 08:11:12.858000+00:00,2026-08-01 08:48:43.182000+00:00,,,,,,,,,,,,,,,,,,0.6276698112487793,,,,,0.7097560975609756,,0.7751067280769348,,,,,,,,,,,,,,,,0.7087385551452365,,,,,,,,,,0.7661782503128052,0.8134903316007117,,,0.7097560975609756,0.8003663003663004,0.8007645620118963,,0.704878032207489,,0.8003663003663004,,,,0.7145273369014116,,,,,,0.7520782351493835,0.4,,0.0007164014771448,,,,AdamW,0.0004717800758581,27.0,,,32,2,64.0,128.0,,"DenseNet121 | dl:2, du1:64, du2:128, dr:0.4, opt:AdamW, lr:0.00047178007585812494, wd:0.0007164014771448262, bs:32",DenseNet121,True,hyperparameter_optimization,24.0,completed
4b0612e039a644acba2cfd76bc8e7738,2,FINISHED,2026-08-01 07:41:31.135000+00:00,2026-08-01 08:11:11.494000+00:00,,,,,,,,,,,,,,,,,,0.5308847427368164,,,,,0.7,,0.770047128200531,,,,,,,,,,,,,,,,0.6949251680882804,,,,,,,,,,0.797924280166626,0.816276082521677,,,0.7,0.8174603174603174,0.8142442601228067,,0.699999988079071,,0.8174603174603174,,,,0.7043141598282185,,,,,,0.7371759414672852,0.4,,0.0001006201715523,,,,AdamW,0.0009894086791665,21.0,,,32,2,64.0,256.0,,"DenseNet121 | dl:2, du1:64, du2:256, dr:0.4, opt:AdamW, lr:0.0009894086791665951, wd:0.00010062017155230243, bs:32",DenseNet121,True,hyperparameter_optimization,23.0,completed
621c541e434342a2b71a977572e0978b,2,FINISHED,2026-08-01 07:18:58.674000+00:00,2026-08-01 07:41:29.721000+00:00,,,,,,,,,,,,,,,,,,0.5086000561714172,,,,,0.7024390243902439,,0.7556292414665222,,,,,,,,,,,,,,,,0.7033972703526206,,,,,,,,,,0.8107448220252991,0.8374081703891628,,,0.7024390243902439,0.8321123321123322,0.8328088993431132,,0.6902438998222351,,0.8321123321123322,,,,0.7051929777539534,,,,,,0.7451751232147217,0.5,,0.0087480989302441,,,,AdamW,0.0002466625346832,21.0,,,16,1,256.0,,,"DenseNet121 | dl:1, du1:256, dr:0.5, opt:AdamW, lr:0.00024666253468324617, wd:0.008748098930244119, bs:16",DenseNet121,True,hyperparameter_optimization,22.0,completed
15cb0c6c56014894be6cb359bb1e8434,2,FAILED,2026-08-01 07:11:16.581000+00:00,2026-08-01 07:18:57.420000+00:00,,,,,,,,,,,,,,,,,,1.2856885194778442,,,,,,,1.1141341924667358,,,,,,,,,,,,,,,,,,,,,,,,,,0.4560439586639404,,,,,,,,0.6097561120986938,,,,,,,,,,,,,0.4,,1.7913871265232142e-06,,,,AdamW,5.019839418758881e-05,8.0,,,16,2,64.0,256.0,,"DenseNet121 | dl:2, du1:64, du2:256, dr:0.4, opt:AdamW, lr:5.019839418758881e-05, wd:1.7913871265232142e-06, bs:16",DenseNet121,True,hyperparameter_optimization,21.0,pruned
a3198a2cf6c84b6c9ccf40ff9a858283,2,FAILED,2026-08-01 07:03:30.860000+00:00,2026-08-01 07:11:15.192000+00:00,,,,,,,,,,,,,,,,,,1.7156275510787964,,,,,,,1.5968352556228638,,,,,,,,,,,,,,,,,,,,,,,,,,0.3095238208770752,,,,,,,,0.3414634168148041,,,,,,,,,,,,,0.3,,,,,,Adam,3.491521997287524e-05,8.0,,,16,0,,,,"DenseNet121 | dl:0, dr:0.30000000000000004, opt:Adam, lr:3.491521997287524e-05, bs:16",DenseNet121,True,hyperparameter_optimization,20.0,pruned
301908f5129947708982183d4c8886cb,2,FAILED,2026-08-01 06:55:28.013000+00:00,2026-08-01 07:03:29.956000+00:00,,,,,,,,,,,,,,,,,,1.4334776401519775,,,,,,,1.218763828277588,,,,,,,,,,,,,,,,,,,,,,,,,,0.4236874282360077,,,,,,,,0.5219511985778809,,,,,,,,,,,,,0.4,,0.0077148744006203,,,,AdamW,6.224088126366758e-05,8.0,,,16,2,64.0,64.0,,"DenseNet121 | dl:2, du1:64, du2:64, dr:0.4, opt:AdamW, lr:6.224088126366758e-05, wd:0.007714874400620302, bs:16",DenseNet121,True,hyperparameter_optimization,19.0,pruned
0bf6fc7223d941f19086f4c8d5bad120,2,FINISHED,2026-08-01 06:27:01.138000+00:00,2026-08-01 06:55:26.599000+00:00,,,,,,,,,,,,,,,,,,0.6031033396720886,,,,,0.7073170731707317,,0.7594730854034424,,,,,,,,,,,,,,,,0.7024453658997786,,,,,,,,,,0.7643467783927917,0.8271558446382621,,,0.7073170731707317,0.8235653235653235,0.8217778153236694,,0.70243901014328,,0.8235653235653235,,,,0.7033863623623308,,,,,,0.7472733855247498,0.5,,,,,,Adam,0.0009722152715618,27.0,,,16,2,64.0,256.0,,"DenseNet121 | dl:2, du1:64, du2:256, dr:0.5, opt:Adam, lr:0.0009722152715618068, bs:16",DenseNet121,True,hyperparameter_optimization,18.0,completed
aed8b3095bc24a88842c678d85b38e2f,2,RUNNING,2026-08-01 05:52:11.901000+00:00,,,,,,,,,,,,,,,,,,,0.6812857389450073,,,,,,,0.745414674282074,,,,,,,,,,,,,,,,,,,,,,,,,,0.7368742227554321,,,,,,,,0.704878032207489,,,,,,,,,,,,,0.5,,,,,,Adam,0.0007982598680653,24.0,,,16,2,64.0,256.0,,"DenseNet121 | dl:2, du1:64, du2:256, dr:0.5, opt:Adam, lr:0.0007982598680653951, bs:16",DenseNet121,True,hyperparameter_optimization,17.0,
37e5538d495244c1b2db21ae6a426b21,2,FAILED,2026-08-01 05:44:33.432000+00:00,2026-08-01 05:52:10.637000+00:00,,,,,,,,,,,,,,,,,,1.418368935585022,,,,,,,1.1872347593307495,,,,,,,,,,,,,,,,,,,,,,,,,,0.4261294305324554,,,,,,,,0.5170731544494629,,,,,,,,,,,,,0.3,,,,,,Adam,5.9730441199865e-05,8.0,,,16,0,,,,"DenseNet121 | dl:0, dr:0.30000000000000004, opt:Adam, lr:5.9730441199865e-05, bs:16",DenseNet121,True,hyperparameter_optimization,16.0,pruned
2fa3277add7f48a6bf8e765e801f0334,2,FINISHED,2026-08-01 05:17:59.642000+00:00,2026-08-01 05:44:32.462000+00:00,,,,,,,,,,,,,,,,,,0.4933496415615082,,,,,0.7121951219512195,,0.7336324453353882,,,,,,,,,,,,,,,,0.7091297372988556,,,,,,,,,,0.8107448220252991,0.848915799479422,,,0.7121951219512195,0.847985347985348,0.8470625882746784,,0.70243901014328,,0.847985347985348,,,,0.7127906386029991,,,,,,0.719323456287384,0.4,,0.0091370956882273,,,,AdamW,0.0005254296497419,26.0,,,16,2,64.0,256.0,,"DenseNet121 | dl:2, du1:64, du2:256, dr:0.4, opt:AdamW, lr:0.0005254296497419277, wd:0.009137095688227322, bs:16",DenseNet121,True,hyperparameter_optimization,15.0,completed
e9eab95909744a60ba4791e0e91d29a6,2,FAILED,2026-08-01 05:07:25.959000+00:00,2026-08-01 05:17:58.329000+00:00,,,,,,,,,,,,,,,,,,1.7815704345703125,,,,,,,1.3914884328842163,,,,,,,,,,,,,,,,,,,,,,,,,,0.3247863352298736,,,,,,,,0.3926829397678375,,,,,,,,,,,,,0.5,,8.990833188750466e-06,,,,AdamW,7.207741767119625e-05,8.0,,,32,0,,,,"DenseNet121 | dl:0, dr:0.5, opt:AdamW, lr:7.207741767119625e-05, wd:8.990833188750466e-06, bs:32",DenseNet121,True,hyperparameter_optimization,14.0,pruned
e3ee823af89441d2bcbefccd3cd47a08,2,FAILED,2026-08-01 04:56:54.895000+00:00,2026-08-01 05:07:24.838000+00:00,,,,,,,,,,,,,,,,,,1.6840450763702393,,,,,,,1.455592155456543,,,,,,,,,,,,,,,,,,,,,,,,,,0.3070818185806274,,,,,,,,0.4365853667259216,,,,,,,,,,,,,0.3,,,,,,Adam,1.420118578447188e-05,8.0,,,32,2,256.0,32.0,,"DenseNet121 | dl:2, du1:256, du2:32, dr:0.30000000000000004, opt:Adam, lr:1.420118578447188e-05, bs:32",DenseNet121,True,hyperparameter_optimization,13.0,pruned
d4bed7be3c814f778bef6eff8b92ad16,2,FINISHED,2026-08-01 04:27:17.188000+00:00,2026-08-01 04:56:53.556000+00:00,,,,,,,,,,,,,,,,,,0.5416997671127319,,,,,0.7048780487804878,,0.7910374402999878,,,,,,,,,,,,,,,,0.6978866551105722,,,,,,,,,,0.788156270980835,0.8121719183379974,,,0.7048780487804878,0.811965811965812,0.8097973248240934,,0.6951219439506531,,0.811965811965812,,,,0.7025583900282591,,,,,,0.7491213083267212,0.3,,,,,,Adam,0.0009035775791417,21.0,,,32,2,64.0,128.0,,"DenseNet121 | dl:2, du1:64, du2:128, dr:0.30000000000000004, opt:Adam, lr:0.0009035775791417874, bs:32",DenseNet121,True,hyperparameter_optimization,12.0,completed
9dbda3124d614183aeefc960c6192b69,2,FAILED,2026-08-01 04:19:39.245000+00:00,2026-08-01 04:27:15.867000+00:00,,,,,,,,,,,,,,,,,,2.0545876026153564,,,,,,,1.873852252960205,,,,,,,,,,,,,,,,,,,,,,,,,,0.2106227129697799,,,,,,,,0.2170731723308563,,,,,,,,,,,,,0.3,,,,,,Adam,1.04900520279281e-05,8.0,,,16,0,,,,"DenseNet121 | dl:0, dr:0.30000000000000004, opt:Adam, lr:1.0490052027928101e-05, bs:16",DenseNet121,True,hyperparameter_optimization,11.0,pruned
8006fc5ef2b14cf6b455365de870554e,2,FAILED,2026-08-01 04:12:03.322000+00:00,2026-08-01 04:19:38.300000+00:00,,,,,,,,,,,,,,,,,,1.2099210023880005,,,,,,,1.0086112022399902,,,,,,,,,,,,,,,,,,,,,,,,,,0.5036630034446716,,,,,,,,0.6390243768692017,,,,,,,,,,,,,0.5,,0.0007684617650615,,,,AdamW,0.0002135811603294,8.0,,,16,1,32.0,,,"DenseNet121 | dl:1, du1:32, dr:0.5, opt:AdamW, lr:0.00021358116032948408, wd:0.0007684617650615006, bs:16",DenseNet121,True,hyperparameter_optimization,10.0,pruned
36d44e7ed13e47c0a8cd91e8ef07452f,2,FAILED,2026-08-01 04:04:25.029000+00:00,2026-08-01 04:12:02.067000+00:00,,,,,,,,,,,,,,,,,,1.4262081384658811,,,,,,,1.2578117847442627,,,,,,,,,,,,,,,,,,,,,,,,,,0.4279609322547912,,,,,,,,0.5390244126319885,,,,,,,,,,,,,0.4,,1.2064349043122845e-07,,,,AdamW,1.621924770154008e-05,8.0,,,16,1,128.0,,,"DenseNet121 | dl:1, du1:128, dr:0.4, opt:AdamW, lr:1.621924770154008e-05, wd:1.2064349043122843e-07, bs:16",DenseNet121,True,hyperparameter_optimization,9.0,pruned
753491417bf84f1cbf4c2b5d22353a78,2,FINISHED,2026-08-01 03:03:40.318000+00:00,2026-08-01 04:04:23.791000+00:00,,,,,,,,,,,,,,,,,,0.6213430166244507,,,,,0.7048780487804878,,0.7827984094619751,,,,,,,,,,,,,,,,0.7016635244870333,,,,,,,,,,0.7802197933197021,0.811966047759303,,,0.7048780487804878,0.8028083028083028,0.802334372483259,,0.707317054271698,,0.8028083028083028,,,,0.7041356950573903,,,,,,0.7662780284881592,0.2,,,,,,Adam,0.0001904323445876,45.0,,,32,1,32.0,,,"DenseNet121 | dl:1, du1:32, dr:0.2, opt:Adam, lr:0.0001904323445876234, bs:32",DenseNet121,True,hyperparameter_optimization,8.0,completed
a879041af0814a3b853cd082396475d9,2,FINISHED,2026-08-01 02:23:34.520000+00:00,2026-08-01 03:03:39.231000+00:00,,,,,,,,,,,,,,,,,,0.652737557888031,,,,,0.6926829268292682,,0.7594003081321716,,,,,,,,,,,,,,,,0.6898310855236782,,,,,,,,,,0.7490842342376709,0.8312328464495956,,,0.6926829268292682,0.8278388278388278,0.8278515574980051,,0.6878048777580261,,0.8278388278388278,,,,0.6892439669714462,,,,,,0.7528501749038696,0.4,,2.4154715683457484e-05,,,,AdamW,0.0007923381888158,29.0,,,32,2,32.0,128.0,,"DenseNet121 | dl:2, du1:32, du2:128, dr:0.4, opt:AdamW, lr:0.0007923381888158849, wd:2.4154715683457484e-05, bs:32",DenseNet121,True,hyperparameter_optimization,7.0,completed
25c3897b67b2411b8a45d225b0071693,2,FINISHED,2026-08-01 01:57:30.284000+00:00,2026-08-01 02:23:33.164000+00:00,,,,,,,,,,,,,,,,,,0.6233690977096558,,,,,0.7219512195121951,,0.72017502784729,,,,,,,,,,,,,,,,0.7191432492683592,,,,,,,,,,0.7625152468681335,0.797400225822055,,,0.7219512195121951,0.7973137973137974,0.7951923365348073,,0.712195098400116,,0.7973137973137974,,,,0.7200655077842744,,,,,,0.7178872227668762,0.4,,,,,,Adam,0.0001868263937872,25.0,,,16,1,64.0,,,"DenseNet121 | dl:1, du1:64, dr:0.4, opt:Adam, lr:0.00018682639378722106, bs:16",DenseNet121,True,hyperparameter_optimization,6.0,completed
e2a2845ccbf14b3996ced9357bfcbfeb,1,RUNNING,2026-08-01 00:48:52.457000+00:00,,,,,,,,,,,,,,,,,,,,,,,,,,,,,,,,,,,,,,,,,,,,,,,,,,,,,,,,,,,,,,,,,,,,,,,,,0.5,,1.2408709217378583e-05,,,,AdamW,0.0006492284276816,,,,16,1,32.0,,,"DenseNet121 | dl:1, du1:32, dr:0.5, opt:AdamW, lr:0.0006492284276816792, wd:1.2408709217378583e-05, bs:16",DenseNet121,True,hyperparameter_optimization,5.0,
a5b30e3627464d118ef228569890773a,1,FINISHED,2026-07-31 23:48:18.011000+00:00,2026-08-01 00:48:51.285000+00:00,,,,,,,,,,,,,,,,,,0.6893488764762878,,,,,0.7,,0.7547110319137573,,,,,,,,,,,,,,,,0.6933483205930128,,,,,,,,,,0.742368757724762,0.8355123379746623,,,0.7,0.833943833943834,0.8327410914849201,,0.707317054271698,,0.833943833943834,,,,0.6927227769163388,,,,,,0.7484138011932373,0.5,,0.0007684617650615,,,,AdamW,0.0002135811603294,62.0,,,16,1,32.0,,,"DenseNet121 | dl:1, du1:32, dr:0.5, opt:AdamW, lr:0.00021358116032948408, wd:0.0007684617650615006, bs:16",DenseNet121,True,hyperparameter_optimization,4.0,completed
4eafd244ab6f4395b8962bb5f5fee6ba,1,FINISHED,2026-07-31 22:11:53.069000+00:00,2026-07-31 23:48:16.737000+00:00,,,,,,,,,,,,,,,,,,0.7195313572883606,,,,,0.6926829268292682,,0.7531141042709351,,,,,,,,,,,,,,,,0.6868570031421801,,,,,,,,,,0.7344322204589844,0.793759241351556,,,0.6926829268292682,0.7893772893772893,0.7869170055855792,,0.6902438998222351,,0.7893772893772893,,,,0.6891138256621097,,,,,,0.7526732087135315,0.4,,1.2064349043122845e-07,,,,AdamW,1.621924770154008e-05,100.0,,,16,1,128.0,,,"DenseNet121 | dl:1, du1:128, dr:0.4, opt:AdamW, lr:1.621924770154008e-05, wd:1.2064349043122843e-07, bs:16",DenseNet121,True,hyperparameter_optimization,3.0,completed
37c41bcc2236452498a9e2f9ee2c7b8e,1,FINISHED,2026-07-31 21:15:40.602000+00:00,2026-07-31 22:11:51.697000+00:00,,,,,,,,,,,,,,,,,,0.6486965417861938,,,,,0.6951219512195121,,0.7545546293258667,,,,,,,,,,,,,,,,0.6909164278656019,,,,,,,,,,0.7655677795410156,0.8025057251590196,,,0.6951219512195121,0.7948717948717948,0.7939778885387858,,0.6975609660148621,,0.7948717948717948,,,,0.6935534155860569,,,,,,0.7502729296684265,0.2,,,,,,Adam,0.0001904323445876,41.0,,,32,1,32.0,,,"DenseNet121 | dl:1, du1:32, dr:0.2, opt:Adam, lr:0.0001904323445876234, bs:32",DenseNet121,True,hyperparameter_optimization,2.0,completed
ab0817c009504cf3844a717fac766e29,1,FINISHED,2026-07-31 20:40:52.480000+00:00,2026-07-31 21:15:39.459000+00:00,,,,,,,,,,,,,,,,,,0.7180142998695374,,,,,0.7170731707317073,,0.7409469485282898,,,,,,,,,,,,,,,,0.7146809613418248,,,,,,,,,,0.7167277336120605,0.815152805917458,,,0.7170731707317073,0.8003663003663004,0.8006399542400572,,0.6975609660148621,,0.8003663003663004,,,,0.720626069410453,,,,,,0.7317756414413452,0.4,,2.4154715683457484e-05,,,,AdamW,0.0007923381888158,25.0,,,32,2,32.0,128.0,,"DenseNet121 | dl:2, du1:32, du2:128, dr:0.4, opt:AdamW, lr:0.0007923381888158849, wd:2.4154715683457484e-05, bs:32",DenseNet121,True,hyperparameter_optimization,1.0,completed
ea3eeec85dff4969879b3d9caf5947bd,1,FINISHED,2026-07-31 20:04:05.027000+00:00,2026-07-31 20:40:51.058000+00:00,,,,,,,,,,,,,,,,,,0.5480065941810608,,,,,0.7121951219512195,,0.7560335397720337,,,,,,,,,,,,,,,,0.7061326415955735,,,,,,,,,,0.8015872836112976,0.8343111935068671,,,0.7121951219512195,0.8284493284493285,0.828292624935347,,0.704878032207489,,0.8284493284493285,,,,0.705172326232264,,,,,,0.7423222064971924,0.4,,,,,,Adam,0.0001868263937872,36.0,,,16,1,64.0,,,"DenseNet121 | dl:1, du1:64, dr:0.4, opt:Adam, lr:0.00018682639378722106, bs:16",DenseNet121,True,hyperparameter_optimization,0.0,completed
5ca274954ceb4c8a88072b2c18c48a03,1,RUNNING,2026-07-31 17:11:37.925000+00:00,,,,,,,,,,,,,,,,,,,0.7934675216674805,,,,,,,0.9471477270126344,,,,,,,,,,,,,,,,,,,,,,,,,,0.6965811848640442,0.7714434791094261,,,,0.7564102564102564,0.7475681352606659,,0.6317073106765747,,0.7564102564102564,,,,,,,,,,,0.4,,0.000150946041175,,,,AdamW,0.0005021178717784,34.0,,,16,2,32.0,32.0,,"ConvNeXtTiny | dl:2, du1:32, du2:32, dr:0.4, opt:AdamW, lr:0.0005021178717784107, wd:0.0001509460411750299, bs:16",ConvNeXtTiny,True,hyperparameter_optimization,17.0,
2f6c75445fd940bdac404b6d8641b9d5,1,FAILED,2026-07-31 16:39:21.451000+00:00,2026-07-31 17:11:36.653000+00:00,,,,,,,,,,,,,,,,,,1.150630235671997,,,,,,,1.101268291473389,,,,,,,,,,,,,,,,,,,,,,,,,,0.5378510355949402,,,,,,,,0.5707316994667053,,,,,,,,,,,,,0.5,,3.139033098442689e-06,,,,AdamW,0.0001780579247553,8.0,,,16,0,,,,"ConvNeXtTiny | dl:0, dr:0.5, opt:AdamW, lr:0.0001780579247553633, wd:3.1390330984426886e-06, bs:16",ConvNeXtTiny,True,hyperparameter_optimization,16.0,pruned
3aedcb187f36428280455b80d8a8ed9c,1,FAILED,2026-07-31 15:50:56.452000+00:00,2026-07-31 16:39:20.288000+00:00,,,,,,,,,,,,,,,,,,0.7782630920410156,,,,,,,1.003435492515564,,,,,,,,,,,,,,,,,,,,,,,,,,0.7112331986427307,,,,,,,,0.6390243768692017,,,,,,,,,,,,,0.5,,6.90392951668657e-05,,,,AdamW,0.000458755168584,12.0,,,16,2,128.0,128.0,,"ConvNeXtTiny | dl:2, du1:128, du2:128, dr:0.5, opt:AdamW, lr:0.0004587551685840707, wd:6.90392951668657e-05, bs:16",ConvNeXtTiny,True,hyperparameter_optimization,15.0,pruned
a2d9536878464a89842391617083352a,1,FAILED,2026-07-31 15:01:57.301000+00:00,2026-07-31 15:50:54.951000+00:00,,,,,,,,,,,,,,,,,,0.9049783945083618,,,,,,,0.9889864325523376,,,,,,,,,,,,,,,,,,,,,,,,,,0.6697191596031189,,,,,,,,0.6048780679702759,,,,,,,,,,,,,0.5,,1.564223043350149e-05,,,,AdamW,0.0003434299881102,12.0,,,16,0,,,,"ConvNeXtTiny | dl:0, dr:0.5, opt:AdamW, lr:0.00034342998811022734, wd:1.564223043350149e-05, bs:16",ConvNeXtTiny,True,hyperparameter_optimization,14.0,pruned
f85ca8c77f0a4768b6d284d5131cfb8d,1,FAILED,2026-07-31 14:25:35.303000+00:00,2026-07-31 15:01:56.155000+00:00,,,,,,,,,,,,,,,,,,0.5821324586868286,,,,,,,1.031301975250244,,,,,,,,,,,,,,,,,,,,,,,,,,0.7735042572021484,,,,,,,,0.6268292665481567,,,,,,,,,,,,,0.5,,9.484737669045594e-06,,,,AdamW,0.0009163861882271,9.0,,,16,2,256.0,256.0,,"ConvNeXtTiny | dl:2, du1:256, du2:256, dr:0.5, opt:AdamW, lr:0.0009163861882271828, wd:9.484737669045594e-06, bs:16",ConvNeXtTiny,True,hyperparameter_optimization,13.0,pruned
aee4345584a44824a4ecaa2692b63ca6,1,FINISHED,2026-07-31 12:29:11.189000+00:00,2026-07-31 14:25:33.739000+00:00,,,,,,,,,,,,,,,,,,0.6229753494262695,,,,,0.6292682926829268,,0.9545782804489136,,,,,,,,,,,,,,,,0.6285960388210238,,,,,,,,,,0.7680097818374634,0.7880997612150324,,,0.6292682926829268,0.7826617826617827,0.7816654248751758,,0.6414633989334106,,0.7826617826617827,,,,0.6483088082794093,,,,,,0.8967414498329163,0.5,,1.5545460462678018e-05,,,,AdamW,0.0009043055914927,27.0,,,16,2,32.0,128.0,,"ConvNeXtTiny | dl:2, du1:32, du2:128, dr:0.5, opt:AdamW, lr:0.0009043055914927877, wd:1.5545460462678018e-05, bs:16",ConvNeXtTiny,True,hyperparameter_optimization,12.0,completed
a7c4dff2f6f945c6988f8a6007e63d65,1,FAILED,2026-07-31 11:56:10.129000+00:00,2026-07-31 12:29:09.760000+00:00,,,,,,,,,,,,,,,,,,1.3423880338668823,,,,,,,1.186435580253601,,,,,,,,,,,,,,,,,,,,,,,,,,0.4566544592380523,,,,,,,,0.5317073464393616,,,,,,,,,,,,,0.5,,6.211658983970287e-07,,,,AdamW,0.0001100332631921,8.0,,,16,0,,,,"ConvNeXtTiny | dl:0, dr:0.5, opt:AdamW, lr:0.00011003326319211724, wd:6.211658983970287e-07, bs:16",ConvNeXtTiny,True,hyperparameter_optimization,11.0,pruned
51de0ae77caf4634bf2fe48f44b2ee9a,1,FAILED,2026-07-31 11:23:51.680000+00:00,2026-07-31 11:56:08.882000+00:00,,,,,,,,,,,,,,,,,,1.4422365427017212,,,,,,,1.3560515642166138,,,,,,,,,,,,,,,,,,,,,,,,,,0.3937729001045227,,,,,,,,0.4560975730419159,,,,,,,,,,,,,0.3,,,,,,Adam,1.748393190604017e-05,8.0,,,32,1,256.0,,,"ConvNeXtTiny | dl:1, du1:256, dr:0.30000000000000004, opt:Adam, lr:1.748393190604017e-05, bs:32",ConvNeXtTiny,True,hyperparameter_optimization,10.0,pruned
28c98d004bd84edc92c8ca966b7f5345,1,FAILED,2026-07-31 10:51:40.402000+00:00,2026-07-31 11:23:50.626000+00:00,,,,,,,,,,,,,,,,,,1.5919349193572998,,,,,,,1.414709448814392,,,,,,,,,,,,,,,,,,,,,,,,,,0.3455433547496795,,,,,,,,0.4585365951061249,,,,,,,,,,,,,0.4,,0.0006250191439004,,,,AdamW,3.2561657847318864e-05,8.0,,,32,1,32.0,,,"ConvNeXtTiny | dl:1, du1:32, dr:0.4, opt:AdamW, lr:3.2561657847318864e-05, wd:0.0006250191439004608, bs:32",ConvNeXtTiny,True,hyperparameter_optimization,9.0,pruned
244a5fe7dfa943d9b96c9729918880db,1,FINISHED,2026-07-31 04:02:59.393000+00:00,2026-07-31 10:51:39.339000+00:00,,,,,,,,,,,,,,,,,,1.122635841369629,,,,,0.5878048780487805,,1.030146837234497,,,,,,,,,,,,,,,,0.5681299218274998,,,,,,,,,,0.5311355590820312,0.6382178378801793,,,0.5878048780487805,0.6318681318681318,0.6142947572063158,,0.5878048539161682,,0.6318681318681318,,,,0.6047800828746731,,,,,,1.030146837234497,0.3,,,,,,Adam,2.4152693847080165e-05,100.0,,,32,2,32.0,64.0,,"ConvNeXtTiny | dl:2, du1:32, du2:64, dr:0.30000000000000004, opt:Adam, lr:2.4152693847080165e-05, bs:32",ConvNeXtTiny,True,hyperparameter_optimization,8.0,completed
d31646cb4705458ea434e8d23a132315,1,FINISHED,2026-07-30 21:12:22.374000+00:00,2026-07-31 04:02:58.004000+00:00,,,,,,,,,,,,,,,,,,0.9074290990829468,,,,,0.5878048780487805,,1.0130219459533691,,,,,,,,,,,,,,,,0.576286001027567,,,,,,,,,,0.6538461446762085,0.6826655799542544,,,0.5878048780487805,0.6581196581196581,0.6402607961013129,,0.5878048539161682,,0.6581196581196581,,,,0.6239280919426152,,,,,,1.0130219459533691,0.2,,,,,,Adam,1.3622410783931968e-05,100.0,,,32,1,64.0,,,"ConvNeXtTiny | dl:1, du1:64, dr:0.2, opt:Adam, lr:1.3622410783931968e-05, bs:32",ConvNeXtTiny,True,hyperparameter_optimization,7.0,completed
6a650c33207941f88c2a462fd56e3f08,1,FINISHED,2026-07-30 19:30:00.132000+00:00,2026-07-30 21:12:21.069000+00:00,,,,,,,,,,,,,,,,,,0.6516874432563782,,,,,0.6268292682926829,,0.9715303182601928,,,,,,,,,,,,,,,,0.6274623760308286,,,,,,,,,,0.7484737634658813,0.7811063762742152,,,0.6268292682926829,0.7588522588522588,0.7547970412916333,,0.6146341562271118,,0.7588522588522588,,,,0.6643886480843485,,,,,,0.9202486872673036,0.5,,1.2408709217378583e-05,,,,AdamW,0.0006492284276816,24.0,,,16,1,32.0,,,"ConvNeXtTiny | dl:1, du1:32, dr:0.5, opt:AdamW, lr:0.0006492284276816792, wd:1.2408709217378583e-05, bs:16",ConvNeXtTiny,True,hyperparameter_optimization,6.0,completed
33d15b7accef49a783c0a07728ba1f76,1,FINISHED,2026-07-30 16:15:14.836000+00:00,2026-07-30 19:29:58.885000+00:00,,,,,,,,,,,,,,,,,,0.7324734330177307,,,,,0.6268292682926829,,0.94231379032135,,,,,,,,,,,,,,,,0.6241782596749292,,,,,,,,,,0.7136752009391785,0.7794346949213233,,,0.6268292682926829,0.7680097680097681,0.7633185668171315,,0.6219512224197388,,0.7680097680097681,,,,0.655926546253645,,,,,,0.931649386882782,0.5,,0.0007684617650615,,,,AdamW,0.0002135811603294,47.0,,,16,1,32.0,,,"ConvNeXtTiny | dl:1, du1:32, dr:0.5, opt:AdamW, lr:0.00021358116032948408, wd:0.0007684617650615006, bs:16",ConvNeXtTiny,True,hyperparameter_optimization,5.0,completed
22c718b953e741849abce89416539e7c,1,FINISHED,2026-07-30 09:23:11.472000+00:00,2026-07-30 16:15:13.472000+00:00,,,,,,,,,,,,,,,,,,0.7965874671936035,,,,,0.6024390243902439,,0.9317684769630432,,,,,,,,,,,,,,,,0.5941812724067959,,,,,,,,,,0.7039071917533875,0.7349227683277354,,,0.6024390243902439,0.7112332112332113,0.7009580011015263,,0.6048780679702759,,0.7112332112332113,,,,0.6363579163195499,,,,,,0.9312680959701538,0.4,,1.2064349043122845e-07,,,,AdamW,1.621924770154008e-05,100.0,,,16,1,128.0,,,"ConvNeXtTiny | dl:1, du1:128, dr:0.4, opt:AdamW, lr:1.621924770154008e-05, wd:1.2064349043122843e-07, bs:16",ConvNeXtTiny,True,hyperparameter_optimization,4.0,completed
4aa1ced390a441f784b54402ec3977df,1,FINISHED,2026-07-30 07:33:21.256000+00:00,2026-07-30 09:23:10.408000+00:00,,,,,,,,,,,,,,,,,,0.75807124376297,,,,,0.6317073170731707,,0.9529951214790344,,,,,,,,,,,,,,,,0.6282796685180806,,,,,,,,,,0.7319902181625366,0.7246461188250682,,,0.6317073170731707,0.71001221001221,0.7025358158767187,,0.6170731782913208,,0.71001221001221,,,,0.6605254088840654,,,,,,0.9479342103004456,0.2,,,,,,Adam,0.0001904323445876,26.0,,,32,1,32.0,,,"ConvNeXtTiny | dl:1, du1:32, dr:0.2, opt:Adam, lr:0.0001904323445876234, bs:32",ConvNeXtTiny,True,hyperparameter_optimization,3.0,completed
36360caa5a504bad8ce8b2f88f689508,1,FINISHED,2026-07-30 06:03:27.120000+00:00,2026-07-30 07:33:19.984000+00:00,,,,,,,,,,,,,,,,,,0.6591017842292786,,,,,0.624390243902439,,0.9767438769340516,,,,,,,,,,,,,,,,0.6251309687656703,,,,,,,,,,0.7417582273483276,0.762717119639573,,,0.624390243902439,0.7423687423687424,0.7403487261120418,,0.6268292665481567,,0.7423687423687424,,,,0.6514832962317719,,,,,,0.926738977432251,0.4,,2.4154715683457484e-05,,,,AdamW,0.0007923381888158,21.0,,,32,2,32.0,128.0,,"ConvNeXtTiny | dl:2, du1:32, du2:128, dr:0.4, opt:AdamW, lr:0.0007923381888158849, wd:2.4154715683457484e-05, bs:32",ConvNeXtTiny,True,hyperparameter_optimization,2.0,completed
83c0c68eee6045dfad3106eab57cd3dc,1,FINISHED,2026-07-30 03:38:42.579000+00:00,2026-07-30 06:03:25.806000+00:00,,,,,,,,,,,,,,,,,,0.672936737537384,,,,,0.6219512195121951,,0.9752053618431092,,,,,,,,,,,,,,,,0.6197245599769321,,,,,,,,,,0.7564102411270142,0.7765371292134972,,,0.6219512195121951,0.7673992673992674,0.761446204990503,,0.6097561120986938,,0.7673992673992674,,,,0.6452532851761238,,,,,,0.9509708881378174,0.4,,,,,,Adam,0.0001868263937872,34.0,,,16,1,64.0,,,"ConvNeXtTiny | dl:1, du1:64, dr:0.4, opt:Adam, lr:0.00018682639378722106, bs:16",ConvNeXtTiny,True,hyperparameter_optimization,1.0,completed
253de9c4cb9d4a1698d5d9168f0d732f,1,FAILED,2026-07-30 03:01:40.920000+00:00,2026-07-30 03:32:57.324000+00:00,,,,,,,,,,,,,,,,,,0.958182692527771,,,,,,,0.9893847107887268,,,,,,,,,,,,,,,,,,,,,,,,,,0.6153846383094788,,,,,,,,0.5902438759803772,,,,,,,,,,,,,0.4,,,,,,Adam,0.0001868263937872,7.0,,,16,1,64.0,,,"ConvNeXtTiny | dl:1, du1:64, dr:0.4, opt:Adam, lr:0.00018682639378722106, bs:16",ConvNeXtTiny,True,hyperparameter_optimization,0.0,
